Product Name,Brand,id marque,id tel
XOLO T1000 (Black 4 GB),XOLO,63,1
GIONEE Pioneer P3 (White 4 GB),GIONEE,11,2
KARBONN Titanium S4 (Black 4 GB),KARBONN,26,3
KARBONN Titanium S4 (White 4 GB),KARBONN,26,4
Micromax Bolt A71 (Black 165 MB),Micromax,38,5
Lenovo S930 (Silver 8 GB),Lenovo,31,6
Micromax Canvas Elanza A93 (Black Silver 4 GB),Micromax,38,7
KARBONN A19 (Black Silver 4 GB),KARBONN,26,8
LG L90 Dual (White 8 GB),LG,32,9
LG Optimus L70 (Black 4 GB),LG,32,10
LG G Pro 2 (Titan 16 GB),LG,32,11
MI3 (Metallic Grey 16 GB),MI3,37,12
ASUS Zenfone 4 (Red 8 GB),ASUS,3,13
ASUS Zenfone 5 A501CG (Gold 8 GB),ASUS,3,14
ASUS Zenfone 4 (Yellow 8 GB),ASUS,3,15
Micromax Canvas 2 Colors A120 (Grey 4 GB),Micromax,38,16
HPL A35 (Black 512 MB),HPL,14,17
Moto X (2nd Generation) (Black Leather 16 GB),Motorola,41,18
XOLO Omega 5.0 (Black 8 GB),XOLO,63,19
Moto Turbo (Black 64 GB),Motorola,41,20
Honor 6 Plus (Black 32 GB),Honor,13,21
Micromax Canvas Juice 2 (Silver 8 GB),Micromax,38,22
SAMSUNG Galaxy S6 Edge (Black Sapphire 32 GB),SAMSUNG,51,23
Moto G (3rd Generation) (White 16 GB),Motorola,41,24
GIONEE Pioneer P4S (Black 8 GB),GIONEE,11,25
Lenovo K3 Note (Yellow 16 GB),Lenovo,31,26
Micromax Canvas Selfie Lens (Moon Dust Grey 8 GB),Micromax,38,27
Micromax Canvas Nitro 2 (White & Gold 16 GB),Micromax,38,28
Panasonic Eluga Z (Midnight Blue 16 GB),Panasonic,46,29
ASUS Zenfone Selfie (Silver 16 GB),ASUS,3,30
ASUS Zenfone 2 Laser (Black 16 GB),ASUS,3,31
SAMSUNG Galaxy J2 (White 8 GB),SAMSUNG,51,32
Panasonic Eluga Switch (Gun Metal Grey 32 GB),Panasonic,46,33
Micromax Doodle4 (Blue 8 GB),Micromax,38,34
SAMSUNG Galaxy On7 (Black 8 GB),SAMSUNG,51,35
Nuvo alpha with free power bank (White 4 GB),Nuvo,44,36
OPPO Neo 7 4G (Black 16 GB),OPPO,45,37
MICROSOFT Lumia 550 (White 8 GB),MICROSOFT,39,38
Micromax Canvas Pace 4G Q416 Dual Sim - Black (Black 8 GB),Micromax,38,39
Infocus M535 (Gold 16 GB),Infocus,20,40
Lenovo X2-AP (Gold 32 GB),Lenovo,31,41
Moto X Play(With Turbo Charger) (White 16 GB),Motorola,41,42
ASUS Padfone Mini (White 8 GB),ASUS,3,43
Moto X (2nd Generation) (Black 32 GB),Motorola,41,44
Lenovo Vibe K5 Plus (Dark Grey 16 GB),Lenovo,31,45
Micromax Canvas 6 Pro (Black 16 GB),Micromax,38,46
SAMSUNG Galaxy J7 - 6 (New 2016 Edition) (White 16 GB),SAMSUNG,51,47
SAMSUNG Galaxy J7 - 6 (New 2016 Edition) (Black 16 GB),SAMSUNG,51,48
ASUS Zenfone 3 (White 32 GB),ASUS,3,49
LAVA X17 4G with VoLTE (Champagne & Gold 8 GB),LAVA,29,50
GIONEE P5L (Black 16 GB),GIONEE,11,51
Alcatel Idol 4 (Dark Grey 16 GB),Alcatel,1,52
Alcatel Idol 4 (Metal Silver 16 GB),Alcatel,1,53
OPPO F1 Plus (Gold 64 GB),OPPO,45,54
Lenovo Vibe K5 Note (Silver 32 GB),Lenovo,31,55
Lenovo Vibe K5 Note (Grey 32 GB),Lenovo,31,56
Lenovo Vibe K5 Note (Grey 32 GB),Lenovo,31,57
iball Andi 4P Class X (White & Silver 8 GB),iball,17,58
GIONEE F103 Pro (Gold 16 GB),GIONEE,11,59
GIONEE F103 Pro (Grey 16 GB),GIONEE,11,60
HTC 10 (Topaz Gold 32 GB),HTC,15,61
Lenovo Vibe K5 Plus (Dark Grey 16 GB),Lenovo,31,62
Lenovo Vibe K5 Plus (Gold 16 GB),Lenovo,31,63
OPPO A37f (Gold 16 GB),OPPO,45,64
Huawei P9 (Titanium Grey 32 GB),Huawei,16,65
Huawei P9 (Mystic Silver 32 GB),Huawei,16,66
Huawei P9 (Prestige Gold 32 GB),Huawei,16,67
Honor 8,Honor,13,68
Honor 8,Honor,13,69
Honor 8,Honor,13,70
Itel IT 1508 (Champagne Gold 8 GB),Itel,24,71
SAMSUNG Galaxy J7 Prime (Black 16 GB),SAMSUNG,51,72
SAMSUNG Galaxy J5 Prime (Gold 16 GB),SAMSUNG,51,73
SAMSUNG Galaxy J5 Prime (Black 16 GB),SAMSUNG,51,74
TCL 560 (Dark Grey Hairline 16 GB),TCL,57,75
Infocus Epic 1 (Gold 32 GB),Infocus,20,76
LYF Water 7S,LYF,33,77
LEAGOO M5 (Gold 16 GB),LEAGOO,30,78
Redmi Note 4 (Gold 64 GB),Redmi,49,79
Redmi Note 4 (Gold 32 GB),Redmi,49,80
Redmi Note 4 (Black 32 GB),Redmi,49,81
Redmi Note 4 (Dark Grey 64 GB),Redmi,49,82
OPPO A37f (Grey 16 GB),OPPO,45,83
ASUS Zenfone 3s Max (Black 32 GB),ASUS,3,84
OPPO A57 (Gold 32 GB),OPPO,45,85
Panasonic Eluga Prim (Gold 16 GB),Panasonic,46,86
Coolpad Note 3S (White 32 GB),Coolpad,8,87
SAMSUNG Galaxy A7-2017 (Gold Sand 32 GB),SAMSUNG,51,88
ViVO Y53 (Crown Gold 16 GB),ViVO,60,89
Micromax Evok Note (Champagne 32 GB),Micromax,38,90
GIONEE A1 (Gold 64 GB),GIONEE,11,91
GIONEE A1 (Black 64 GB),GIONEE,11,92
GIONEE A1 (Grey 64 GB),GIONEE,11,93
KARA Mega 2 (4G Volte) (Black 16 GB),KARA,25,94
SAMSUNG Galaxy J2 Pro (Gold 16 GB),SAMSUNG,51,95
SAMSUNG Galaxy J2 Pro (Black 16 GB),SAMSUNG,51,96
SAMSUNG Galaxy J7 Prime (Gold 32 GB),SAMSUNG,51,97
SAMSUNG Galaxy S8 Plus (Midnight Black 64 GB),SAMSUNG,51,98
SAMSUNG Galaxy S8 Plus (Coral Blue 64 GB),SAMSUNG,51,99
SAMSUNG Galaxy S8 Plus (Maple Gold 64 GB),SAMSUNG,51,100
Honor Bee 4G (Gold 8 GB),Honor,13,101
OPPO F3 (Gold 64 GB),OPPO,45,102
Coolpad Note 5 Lite (Grey / Space Grey 16 GB),Coolpad,8,103
KARA Mega 2 (4G Volte) (Gold 16 GB),KARA,25,104
YU Yureka Black (Chrome Black 32 GB),YU,64,105
Micromax Canvas 2 (Chrome Black 16 GB),Micromax,38,106
ViVO Y21L (Grey 16 GB),ViVO,60,107
SAMSUNG Galaxy J5 Prime (Gold 32 GB),SAMSUNG,51,108
SAMSUNG Galaxy J5 Prime (Black 32 GB),SAMSUNG,51,109
SAMSUNG Z4 (Gold 8 GB),SAMSUNG,51,110
Moto E 4th Gen (Iron Gray 16 GB),Motorola,41,111
Moto C Plus (Pearl White 16 GB),Motorola,41,112
Celkon Diamond U (Gold 16 GB),Celkon,7,113
ViVO Y53 (Matte Black 16 GB),ViVO,60,114
ViVO Y55S (Matte Black 16 GB),ViVO,60,115
Honor 8 Lite (Black 64 GB),Honor,13,116
OPPO F3 (Black 64 GB),OPPO,45,117
Coolpad Note 5 Lite (Royal gold 16 GB),Coolpad,8,118
LAVA Z10 (Space Grey 16 GB),LAVA,29,119
SAMSUNG Galaxy S8 Plus (Orchid Grey 64 GB),SAMSUNG,51,120
KARBONN Aura Power 4G (Black 8 GB),KARBONN,26,121
Honor Bee 2 (Gold 8 GB),Honor,13,122
YU Yunique 2 (Coal Black 16 GB),YU,64,123
Nokia 6 (Matte Black 32 GB),Nokia,42,124
Nokia 5 (Matte Black 16 GB),Nokia,42,125
Nokia 5 (Tempered Blue 16 GB),Nokia,42,126
Nokia 3 (Silver White 16 GB),Nokia,42,127
SAMSUNG Galaxy J7 Nxt (Black 16 GB),SAMSUNG,51,128
SAMSUNG Galaxy J7 Nxt (Gold 16 GB),SAMSUNG,51,129
Infocus M535 Plus (Silver 16 GB),Infocus,20,130
OPPO F3 (Rose Gold 64 GB),OPPO,45,131
KARBONN Aura Note 2 (Black Champagne 16 GB),KARBONN,26,132
Micromax Canvas 1 (Chrome Black 16 GB),Micromax,38,133
Micromax Selfie 2 (Champagne 32 GB),Micromax,38,134
OPPO F3 Deepika Padukone Limited Edition (Rose Gold 64 GB),OPPO,45,135
Lenovo K8 (Fine Gold 32 GB),Lenovo,31,136
Lenovo K8 Plus (Fine Gold 32 GB),Lenovo,31,137
ASUS Zenfone 4 Selfie Dual Camera (Black 64 GB),ASUS,3,138
ViVO Y69 (Gold 32 GB),ViVO,60,139
ViVO Y69 (Matte Black 32 GB),ViVO,60,140
YU Yunique 2 Plus (Champagne 16 GB),YU,64,141
YU Yunique 2 Plus (Coal Black 16 GB),YU,64,142
Honor 8 Pro (Midnight Black 128 GB),Honor,13,143
GIONEE A1 Lite (Black 32 GB),GIONEE,11,144
Alcatel U5 HD (Metallic Black 16 GB),Alcatel,1,145
Alcatel U5 HD (Metallic Gold 16 GB),Alcatel,1,146
YU Yureka 2 (Champagne/Gold 64 GB),YU,64,147
ViVO V7+ (Gold 64 GB),ViVO,60,148
Mi A1 (Black 64 GB),Mi,36,149
Mi A1 (Gold 64 GB),Mi,36,150
LAVA A97 IPS Signature Edition 4G with VoLTE (Blue & Black 8 GB),LAVA,29,151
Redmi Note 4 (Lake Blue 64 GB),Redmi,49,152
OPPO A71 (Black 16 GB),OPPO,45,153
OPPO A71 (Gold 16 GB),OPPO,45,154
Panasonic Eluga Ray 500 (Marine Blue 32 GB),Panasonic,46,155
Panasonic Eluga Ray 700 (Champagne Gold 32 GB),Panasonic,46,156
KARBONN K9 Smart Yuva 4G VoLTE (Black & Champagne 8 GB),KARBONN,26,157
HTC U11 (Solar Red 128 GB),HTC,15,158
Honor 9i (Aurora Blue 64 GB),Honor,13,159
Honor 9i (Graphite Black 64 GB),Honor,13,160
Micromax Canvas 2 (Champagne 16 GB),Micromax,38,161
APPLE iPhone 8 Plus (Gold 64 GB),Apple,2,162
APPLE iPhone 8 Plus (Space Grey 256 GB),Apple,2,163
APPLE iPhone 8 Plus (Silver 256 GB),Apple,2,164
APPLE iPhone 8 (Silver 256 GB),Apple,2,165
APPLE iPhone 8 (Gold 256 GB),Apple,2,166
APPLE iPhone 8 Plus (Silver 64 GB),Apple,2,167
APPLE iPhone 8 Plus (Space Grey 64 GB),Apple,2,168
APPLE iPhone 8 (Space Grey 256 GB),Apple,2,169
I Kall K-1 (Golden 8 GB),IKall,18,170
ASUS Zenfone 4 (Blue 8 GB),ASUS,3,171
Honor Holly (Black/White 16 GB),Honor,13,172
Micromax Bharat 4 (Black/Jet Black 16 GB),Micromax,38,173
SAMSUNG Galaxy Grand 2 (Gold 8 GB),SAMSUNG,51,174
Micromax Canvas 4 Plus A315 (Black 16 GB),Micromax,38,175
LAVA Z60 (Black 16 GB),LAVA,29,176
Mi Mix 2 (Black 128 GB),Mi,36,177
Micromax Canvas Infinity (Black 32 GB),Micromax,38,178
I Kall K-1 (Black 8 GB),IKall,18,179
Voto V2 (Black 16 GB),Voto,61,180
Voto V2i (Black 32 GB),Voto,61,181
SAMSUNG Galaxy J2-2017 (Absolute black 8 GB),SAMSUNG,51,182
Tecno i3 PRO (Gold 16 GB),Tecno,58,183
Tecno i5 PRO (Gold 32 GB),Tecno,58,184
Nokia 5 (Matte Black 16 GB),Nokia,42,185
GIONEE M7 Power (Gold 64 GB),GIONEE,11,186
Intex Aqua Lions 2 (Rose Gold 8 GB),Intex,21,187
Lenovo K6 Power (dark gold 32 GB),Lenovo,31,188
Lenovo K6 Power (Grey / Dark Grey 32 GB),Lenovo,31,189
Lenovo K6 Power (Grey/Dark Grey 32 GB),Lenovo,31,190
KARBONN K9 Smart Eco (Black Champange 8 GB),KARBONN,26,191
OPPO F5 (Red 64 GB),OPPO,45,192
YU Yureka Note (Black 16 GB),YU,64,193
Redmi 5A (Gold 16 GB),Redmi,49,194
Redmi 5A (Grey 16 GB),Redmi,49,195
Redmi 5A (Grey 32 GB),Redmi,49,196
OPPO F5 (Black 32 GB),OPPO,45,197
Nokia 2 (Copper/Black 8 GB),Nokia,42,198
Redmi Note 5 Pro (Gold 64 GB),Redmi,49,199
Redmi Note 5 Pro (Black 64 GB),Redmi,49,200
Redmi Note 5 Pro (Gold 64 GB),Redmi,49,201
Redmi Note 5 (Black 64 GB),Redmi,49,202
Tecno I5 (Champagne Gold 16 GB),Tecno,58,203
OPPO A71 New Edition (Black 16 GB),OPPO,45,204
Redmi Note 5 Pro (Rose Gold 64 GB),Redmi,49,205
Redmi Note 5 Pro (Blue 64 GB),Redmi,49,206
Infocus A2 (Midnight Black 16 GB),Infocus,20,207
KARBONN A9 Indian 4G VoLTE (Black & Champagne 8 GB),KARBONN,26,208
SAMSUNG Galaxy S9 Plus (Midnight Black 64 GB),SAMSUNG,51,209
ASUS Zenfone Max Pro M1 (Grey 32 GB),ASUS,3,210
Honor Holly 3 (Gold 32 GB),Honor,13,211
Alcatel 3V (Spectrum Blue 32 GB),Alcatel,1,212
ViVO V9 (Pearl Black 64 GB),ViVO,60,213
KARBONN Frames S9 (Black 16 GB),KARBONN,26,214
KARBONN Frames S9 (Champagne 16 GB),KARBONN,26,215
KARBONN Frames S9 (Grey 16 GB),KARBONN,26,216
Nokia 1 (Dark Blue 8 GB),Nokia,42,217
Honor 7C (Black 32 GB),Honor,13,218
Honor 7C (Blue 32 GB),Honor,13,219
Nokia 1 (Warm Red 8 GB),Nokia,42,220
SAMSUNG Galaxy J7 Duo (Black 32 GB),SAMSUNG,51,221
SAMSUNG Galaxy J7 Duo (Gold 32 GB),SAMSUNG,51,222
SAMSUNG Galaxy J2 2018 (Gold 16 GB),SAMSUNG,51,223
SAMSUNG Galaxy J2 2018 (Black 16 GB),SAMSUNG,51,224
SAMSUNG Galaxy J2 2018 (Pink 16 GB),SAMSUNG,51,225
ViVO Y71 (Matte Black 16 GB),ViVO,60,226
ViVO Y71 (Gold 16 GB),ViVO,60,227
ViVO V9 Youth (Gold 32 GB),ViVO,60,228
ViVO V9 Youth (Black 32 GB),ViVO,60,229
Nokia 6.1 (Copper Black 32 GB),Nokia,42,230
OPPO A83 (2018 Edition) (Blue 64 GB),OPPO,45,231
OPPO A83 (2018 Edition) (Champagne 64 GB),OPPO,45,232
OPPO A83 (2018 Edition) (Red 64 GB),OPPO,45,233
Itel 1409 (Black & Gold 8 GB),Itel,24,234
Itel A41 (Champagne Gold 8 GB),Itel,24,235
Itel a20 (Silver 8 GB),Itel,24,236
Itel A21 (Black & Gold 8 GB),Itel,24,237
ViVO Y71 (Gold 32 GB),ViVO,60,238
ViVO Y71 (Matte Black 32 GB),ViVO,60,239
ViVO Y53i (Matte Black 16 GB),ViVO,60,240
ViVO V9 (Pearl Black (Golden Line) 64 GB),ViVO,60,241
KARBONN Aura Sleek Plus (Champagne 16 GB),KARBONN,26,242
Itel A42 Plus (Phantomblack 16 GB),Itel,24,243
Itel S21 (Gold 16 GB),Itel,24,244
Itel Selfiepro S41 (Obsidian Black 16 GB),Itel,24,245
SAMSUNG Galaxy J6 (Gold 64 GB),SAMSUNG,51,246
SAMSUNG Galaxy J6 (Black 64 GB),SAMSUNG,51,247
SAMSUNG Galaxy J6 (Black 32 GB),SAMSUNG,51,248
SAMSUNG Galaxy J6 (Blue 64 GB),SAMSUNG,51,249
SAMSUNG Galaxy J6 (Gold 32 GB),SAMSUNG,51,250
SAMSUNG Galaxy J6 (Blue 32 GB),SAMSUNG,51,251
ASUS ZenFone 5Z (Midnight Blue 128 GB),ASUS,3,252
ViVO X21 (Black 128 GB),ViVO,60,253
YUHO O1 (Onyx Black 16 GB),YUHO,65,254
SAMSUNG Galaxy J4 (Gold 16 GB),SAMSUNG,51,255
SAMSUNG Galaxy J4 (Black 16 GB),SAMSUNG,51,256
SAMSUNG Galaxy J4 (Blue 16 GB),SAMSUNG,51,257
ViVO Y83 (Gold 32 GB),ViVO,60,258
ViVO Y83 (Black 32 GB),ViVO,60,259
ViVO V9 (Sapphire Blue 64 GB),ViVO,60,260
Moto G6 (Indigo Black 64 GB),Motorola,41,261
Tecno Camon I Air (Champagne Gold 16 GB),Tecno,58,262
Nokia 6.1 (Gold Blue 64 GB),Nokia,42,263
SAMSUNG Galaxy J4 (Black 32 GB),SAMSUNG,51,264
SAMSUNG Galaxy J4 (Blue 32 GB),SAMSUNG,51,265
SAMSUNG Galaxy J4 (Gold 32 GB),SAMSUNG,51,266
Itel A44 Pro (Black 16 GB),Itel,24,267
SAMSUNG Galaxy J8 (Blue 64 GB),SAMSUNG,51,268
SAMSUNG Galaxy J8 (Black 64 GB),SAMSUNG,51,269
SAMSUNG Galaxy J8 (Gold 64 GB),SAMSUNG,51,270
Moto E5 (Grey/Flash Gray 16 GB),Motorola,41,271
Honor 9N (Sapphire Blue 128 GB),Honor,13,272
Honor 9N (Midnight Black 64 GB),Honor,13,273
Honor 9N (Midnight Black 128 GB),Honor,13,274
Honor 9N (Sapphire Blue 64 GB),Honor,13,275
Honor 7X (Gold 32 GB),Honor,13,276
Honor 7X (Red 32 GB),Honor,13,277
Infocus Snap 4 (Platinum Gold 64 GB),Infocus,20,278
Celkon Cliq 2 (Black&Grey 32 GB),Celkon,7,279
ViVO Y71i (Matte Black 16 GB),ViVO,60,280
ViVO Y71i (Gold 16 GB),ViVO,60,281
SAMSUNG Galaxy A6+ (Black 64 GB),SAMSUNG,51,282
SAMSUNG Galaxy A6 (Blue 64 GB),SAMSUNG,51,283
SAMSUNG Galaxy A6 (Gold 64 GB),SAMSUNG,51,284
SAMSUNG Galaxy A6+ (Blue 64 GB),SAMSUNG,51,285
SAMSUNG Galaxy A6+ (Gold 64 GB),SAMSUNG,51,286
SAMSUNG Galaxy A6 (Black 64 GB),SAMSUNG,51,287
OPPO A3s (Purple 16 GB),OPPO,45,288
OPPO A3s (Red 16 GB),OPPO,45,289
ASUS Zenfone Max Pro M1 (Blue 64 GB),ASUS,3,290
Nokia 3.1 (Blue/Copper 16 GB),Nokia,42,291
SAMSUNG Galaxy Note 9 (Ocean Blue 128 GB),SAMSUNG,51,292
SAMSUNG Galaxy Note 9 (Metallic Copper 128 GB),SAMSUNG,51,293
SAMSUNG Galaxy Note 9 (Ocean Blue 512 GB),SAMSUNG,51,294
SAMSUNG Galaxy Note 9 (Midnight Black 512 GB),SAMSUNG,51,295
Nokia 3.1 (Black 16 GB),Nokia,42,296
OPPO A3s (Red 32 GB),OPPO,45,297
OPPO A3s (Purple 32 GB),OPPO,45,298
ViVO Y81 (Gold 32 GB),ViVO,60,299
ViVO Y81 (Black 32 GB),ViVO,60,300
Redmi Y2 (Gold 32 GB),Redmi,49,301
OPPO Find X (Bordeaux Red 256 GB),OPPO,45,302
Nokia 2.1 (Blue&Copper 8 GB),Nokia,42,303
ViVO Y83 Pro (Gold 64 GB),ViVO,60,304
ViVO Y83 Pro (Black 64 GB),ViVO,60,305
Infinix Note 5 (Berlin Gray 64 GB),Infinix,19,306
realme 2 (Diamond Black 32 GB),realme,48,307
POCO F1 (Graphite Black 64 GB),POCO,47,308
POCO F1 (Steel Blue 128 GB),POCO,47,309
POCO F1 (Graphite Black 128 GB),POCO,47,310
POCO F1 (Graphite Black 256 GB),POCO,47,311
POCO F1 (Steel Blue 64 GB),POCO,47,312
Nokia 5.1 (Black&Blue 32 GB),Nokia,42,313
Nokia 3.1 (Black 32 GB),Nokia,42,314
SAMSUNG Galaxy J2 Core (Gold 8 GB),SAMSUNG,51,315
SAMSUNG Galaxy J2 Core (Blue 8 GB),SAMSUNG,51,316
SAMSUNG Galaxy J2 Core (Black 8 GB),SAMSUNG,51,317
Honor 9N (Robin Egg Blue 32 GB),Honor,13,318
Honor 9N (Purple 32 GB),Honor,13,319
SAMSUNG Galaxy A8 Plus (Gold 64 GB),SAMSUNG,51,320
OPPO A5 (Diamond Red 32 GB),OPPO,45,321
OPPO A5 (Diamond Blue 32 GB),OPPO,45,322
ViVO V11 Pro (Starry Night Black 64 GB),ViVO,60,323
ViVO V11 Pro (Dazzling Gold 64 GB),ViVO,60,324
OPPO F9 Pro (Starry Purple 64 GB),OPPO,45,325
OPPO F9 Pro (Sunrise Red 64 GB),OPPO,45,326
OPPO F9 Pro (Twilight Blue 64 GB),OPPO,45,327
Nokia 3.1 (White 32 GB),Nokia,42,328
Nokia 3.1 (Blue/Copper 32 GB),Nokia,42,329
Honor 7X (Gold 64 GB),Honor,13,330
Redmi Y2 (Rose Gold 32 GB),Redmi,49,331
OPPO F9 (Mist Black 64 GB),OPPO,45,332
OPPO F9 (Stellar Purple 64 GB),OPPO,45,333
Panasonic Eluga Ray 600 (Black 32 GB),Panasonic,46,334
SAMSUNG Galaxy A8 Star (Black 64 GB),SAMSUNG,51,335
Panasonic P101 (Blue 16 GB),Panasonic,46,336
Panasonic P101 (Black 16 GB),Panasonic,46,337
Panasonic P101 (Gold 16 GB),Panasonic,46,338
Nokia 2.1 (Grey / Silver 8 GB),Nokia,42,339
APPLE iPhone XS Max (Silver 64 GB),Apple,2,340
SAMSUNG Galaxy J6 Plus (Black 64 GB),SAMSUNG,51,341
SAMSUNG Galaxy J6 Plus (Red 64 GB),SAMSUNG,51,342
SAMSUNG Galaxy J6 Plus (Blue 64 GB),SAMSUNG,51,343
SAMSUNG Galaxy J4 Plus (Gold 32 GB),SAMSUNG,51,344
Mi A2 (Black 64 GB),Mi,36,345
ViVO Y83 Pro (Nebula Purple 64 GB),ViVO,60,346
Nokia 2.1 (Blue & Silver 8 GB),Nokia,42,347
POCO F1 (Rosso Red 64 GB),POCO,47,348
SAMSUNG Galaxy A7 (Blue 64 GB),SAMSUNG,51,349
SAMSUNG Galaxy A7 (Blue 128 GB),SAMSUNG,51,350
ViVO V11 (Nebula Purple 64 GB),ViVO,60,351
ViVO V11 (Starry Night Black 64 GB),ViVO,60,352
Huawei Nova 3i (Black 128 GB),Huawei,16,353
Mi A2 (Red 64 GB),Mi,36,354
Redmi 6A (Black 16 GB),Redmi,49,355
Redmi 6A (Gold 16 GB),Redmi,49,356
Redmi 6A (Black 16 GB),Redmi,49,357
mobiistar X1 Dual (Black 32 GB),mobiistar,40,358
Tecno Camon I Sky 2 (Bordeaux Red 16 GB),Tecno,58,359
Infinix Hot S3X (Aqua Blue 32 GB),Infinix,19,360
Infinix Hot S3X (Tradew Gray 32 GB),Infinix,19,361
Redmi 6A (Blue 16 GB),Redmi,49,362
Apple iPhone XR ((PRODUCT)RED 128 GB) (Includes EarPods Power Adapter),Apple,2,363
Apple iPhone XR (Black 64 GB) (Includes EarPods Power Adapter),Apple,2,364
Apple iPhone XR (Coral 128 GB) (Includes EarPods Power Adapter),Apple,2,365
Apple iPhone XR (Black 128 GB) (Includes EarPods Power Adapter),Apple,2,366
Apple iPhone XR (White 128 GB) (Includes EarPods Power Adapter),Apple,2,367
mobiistar E1 Selfie (Black 32 GB),mobiistar,40,368
Tecno Camon I Air 2+ (Midnight Black 32 GB),Tecno,58,369
Tecno Camon I Twin (Gold 32 GB),Tecno,58,370
LG Q Stylus (Black 32 GB),LG,32,371
Nokia 3.1 Plus (Blue 32 GB),Nokia,42,372
Tecno Camon i Sky (midnight black 16 GB),Tecno,58,373
SAMSUNG Galaxy A9 (Caviar Black 128 GB),SAMSUNG,51,374
SAMSUNG Galaxy A9 (Caviar Black 128 GB),SAMSUNG,51,375
Tecno Camon i 2x (Blue 64 GB),Tecno,58,376
Redmi Note 6 Pro (Blue 64 GB),Redmi,49,377
Redmi Note 6 Pro (Red 64 GB),Redmi,49,378
Redmi Note 6 Pro (Rose Gold 64 GB),Redmi,49,379
Redmi Note 6 Pro (Blue 64 GB),Redmi,49,380
GIONEE S11 Lite (Dark Blue 32 GB),GIONEE,11,381
GIONEE S11 Lite (Black 32 GB),GIONEE,11,382
GIONEE F205 (Black 16 GB),GIONEE,11,383
GIONEE S11 Lite (Gold 32 GB),GIONEE,11,384
Redmi 6A (Blue 32 GB),Redmi,49,385
Redmi 6A (Rose Gold 32 GB),Redmi,49,386
Redmi 6A (Black 32 GB),Redmi,49,387
Tecno Camon i 2 (AQUA BLUE 32 GB),Tecno,58,388
Tecno Camon i 2x (Black 64 GB),Tecno,58,389
OPPO A83 (Champagne 16 GB),OPPO,45,390
Tecno Camon I Ace (Midnight Blue 16 GB),Tecno,58,391
Infinix Note 5 Stylus (Charcoal Blue 64 GB),Infinix,19,392
OPPO A7 (Glaring Gold 64 GB),OPPO,45,393
OPPO A7 (Glaze Blue 64 GB),OPPO,45,394
ViVO Y95 (Starry Black 64 GB),ViVO,60,395
ViVO Y95 (Nebula Purple 64 GB),ViVO,60,396
OPPO R17 Pro (Emerald Green 128 GB),OPPO,45,397
Redmi 6 Pro (Lake Blue 32 GB),Redmi,49,398
Redmi 6 Pro (Black 32 GB),Redmi,49,399
Redmi 6 Pro (Red 64 GB),Redmi,49,400
Redmi 6 Pro (Red 32 GB),Redmi,49,401
Redmi 6 Pro (Lake Blue 64 GB),Redmi,49,402
SAMSUNG Galaxy S9 Plus (Burgundy Red 64 GB),SAMSUNG,51,403
ViVO Y81i (Gold 16 GB),ViVO,60,404
ViVO Y81i (Black 16 GB),ViVO,60,405
LG V30+ (Black 128 GB),LG,32,406
POCO F1 (Armoured Edition 128 GB),POCO,47,407
ViVO Y93 (Starry Black 32 GB),ViVO,60,408
ViVO Y93 (Nebula Purple 32 GB),ViVO,60,409
ViVO Y93 (Starry Black 64 GB),ViVO,60,410
ViVO Y93 (Nebula Purple 64 GB),ViVO,60,411
OPPO A7 (Glaze Blue 64 GB),OPPO,45,412
OPPO A7 (Glaring Gold 64 GB),OPPO,45,413
realme 1 (Moonlight Silver 128 GB),realme,48,414
realme 1 (Diamond Black 128 GB),realme,48,415
realme 1 (Diamond Red 32 GB),realme,48,416
realme 1 (Diamond Red 64 GB),realme,48,417
realme 1 (Diamond Black 32 GB),realme,48,418
realme 1 (Black 64 GB),realme,48,419
realme 1 (Moonlight Silver 32 GB),realme,48,420
ViVO Y91 (Ocean Blue 32 GB),ViVO,60,421
ViVO Y91 (Starry Black 32 GB),ViVO,60,422
Mi A2 (Red 128 GB),Mi,36,423
Coolpad Mega 5M (Black 16 GB),Coolpad,8,424
Coolpad Mega 5M (Gold 16 GB),Coolpad,8,425
Coolpad Mega 5M (Blue 16 GB),Coolpad,8,426
Coolpad Mega 5C (Grey 16 GB),Coolpad,8,427
Coolpad Mega 5 (Champagne Gold 32 GB),Coolpad,8,428
I Kall K8 NEW (Blue 16 GB),IKall,18,429
ViVO V15 Pro (Topaz Blue 128 GB),ViVO,60,430
ViVO V15 Pro (Ruby Red 128 GB),ViVO,60,431
Tecno Camon i 2x (Gold 64 GB),Tecno,58,432
SAMSUNG Galaxy S10 Plus (Ceramic Black 512 GB),SAMSUNG,51,433
SAMSUNG Galaxy S10 (Prism White 512 GB),SAMSUNG,51,434
SAMSUNG Galaxy S10 (Prism Blue 128 GB),SAMSUNG,51,435
Itel A44 Air (Blusher Gold 8 GB),Itel,24,436
SAMSUNG Galaxy S10 Plus (Ceramic White 1 TB),SAMSUNG,51,437
Redmi 6 Pro (Rose Gold 64 GB),Redmi,49,438
Redmi 6 Pro (Rose Gold 32 GB),Redmi,49,439
Panasonic P85 NXT (Black 16 GB),Panasonic,46,440
Panasonic P85 NXT (Blue 16 GB),Panasonic,46,441
Tecno Camon I Click 2 (Midnight Black 64 GB),Tecno,58,442
Tecno Camon i ACE 2 (Midnight Blue 32 GB),Tecno,58,443
Tecno Camon i ACE 2 (Champagne Gold 32 GB),Tecno,58,444
Redmi Note 7 Pro (Black 64 GB),Redmi,49,445
Redmi Note 7 Pro (Blue 64 GB),Redmi,49,446
Redmi Note 7 (Onyx Black 64 GB),Redmi,49,447
Redmi Note 7 Pro (Space Black 128 GB),Redmi,49,448
Redmi Note 7 Pro (Neptune Blue 128 GB),Redmi,49,449
OPPO K1 (Piano Black 64 GB),OPPO,45,450
Coolpad Cool 3 (Midnight Blue 16 GB),Coolpad,8,451
SAMSUNG Galaxy M10 (Ocean Blue 16 GB),SAMSUNG,51,452
Meizu C9 (Black 16 GB),Meizu,35,453
Itel A23 (Phantom Black 8 GB),Itel,24,454
SAMSUNG Galaxy A30 (Black 64 GB),SAMSUNG,51,455
SAMSUNG Galaxy A50 (White 64 GB),SAMSUNG,51,456
SAMSUNG Galaxy A30 (Blue 64 GB),SAMSUNG,51,457
SAMSUNG Galaxy A50 (Blue 64 GB),SAMSUNG,51,458
SAMSUNG Galaxy A50 (Black 64 GB),SAMSUNG,51,459
SAMSUNG Galaxy A30 (Red 64 GB),SAMSUNG,51,460
realme 3 (Radiant Blue 64 GB),realme,48,461
Itel A23 (Starry Blue 8 GB),Itel,24,462
Seatel V8A (Black 8 GB),Seatel,52,463
ViVO Y91i (Ocean Blue 16 GB),ViVO,60,464
ViVO Y91i (Fusion Black 16 GB),ViVO,60,465
ViVO Y91i (Ocean Blue 32 GB),ViVO,60,466
ViVO Y91i (Fusion Black 32 GB),ViVO,60,467
SAMSUNG Galaxy M30 (Gradation Blue 64 GB),SAMSUNG,51,468
Honor 10 Lite (Midnight Black 32 GB),Honor,13,469
SAMSUNG Galaxy A10 (Black 32 GB),SAMSUNG,51,470
SAMSUNG Galaxy A10 (Blue 32 GB),SAMSUNG,51,471
SAMSUNG Galaxy A10 (Red 32 GB),SAMSUNG,51,472
Alcatel 5V (Spectrum Black 32 GB),Alcatel,1,473
SAMSUNG Galaxy M30 (Gradation Blue 128 GB),SAMSUNG,51,474
Tecno Camon i4 (Aqua Blue 32 GB),Tecno,58,475
Tecno Camon i4 (Champagne Gold 32 GB),Tecno,58,476
Tecno Camon i4 (Nebula Black 32 GB),Tecno,58,477
Tecno Camon i4 (Nebula Black 32 GB),Tecno,58,478
Tecno Camon i4 (Nebula Black 64 GB),Tecno,58,479
Tecno Camon i4 (Aqua Blue 32 GB),Tecno,58,480
Tecno Camon i4 (Midnight Black 32 GB),Tecno,58,481
Tecno Camon i4 (Midnight Black 32 GB),Tecno,58,482
Tecno Camon i4 (Midnight Black 64 GB),Tecno,58,483
Tecno Camon i4 (Champagne Gold 64 GB),Tecno,58,484
Honor 8X (Blue 64 GB),Honor,13,485
Alcatel 1 (Metallic Blue 8 GB),Alcatel,1,486
Alcatel 3X (Black 32 GB),Alcatel,1,487
Alcatel 3X (Blue 32 GB),Alcatel,1,488
Alcatel 1 (Metallic Black 8 GB),Alcatel,1,489
KARBONN Vue 1 (Champagne 8 GB),KARBONN,26,490
KARBONN Vue 1 (Black 8 GB),KARBONN,26,491
Honor 9 Lite (Midnight Black 32 GB),Honor,13,492
Nubia N1 Lite (Black Gold 16 GB),Nubia,43,493
KARBONN Yuva 2 (Black 16 GB),KARBONN,26,494
Voto V9 (Red 32 GB),Voto,61,495
Voto V9 (Black 32 GB),Voto,61,496
SAMSUNG Galaxy A20 (Red 32 GB),SAMSUNG,51,497
SAMSUNG Galaxy A20 (Deep Blue 32 GB),SAMSUNG,51,498
SAMSUNG Galaxy A20 (Black 32 GB),SAMSUNG,51,499
OPPO A5 (Diamond Blue 64 GB),OPPO,45,500
OPPO A5 (Diamond Red 64 GB),OPPO,45,501
ViVO Y17 (Mystic Purple 128 GB),ViVO,60,502
ViVO Y17 (Mineral Blue 128 GB),ViVO,60,503
Moto One (Black 64 GB),Motorola,41,504
Google Pixel 3a (Clearly White 64 GB),Google,12,505
OPPO A5s (Black 32 GB),OPPO,45,506
OPPO A5s (Red 32 GB),OPPO,45,507
OPPO A83 (Champagne 32 GB),OPPO,45,508
realme C2 (Diamond Blue 16 GB),realme,48,509
Honor 7X (Black 32 GB),Honor,13,510
Honor 7X (Blue 32 GB),Honor,13,511
Honor 7X (Black 64 GB),Honor,13,512
Honor 7X (Blue 64 GB),Honor,13,513
Motorola One Vision (Sapphire Gradient 128 GB),Motorola,41,514
realme 3 (Radiant Blue 64 GB),realme,48,515
OPPO A1K (Red 32 GB),OPPO,45,516
OPPO A1K (Black 32 GB),OPPO,45,517
Redmi Y3 (Prime Black 32 GB),Redmi,49,518
SAMSUNG Galaxy M30 (Gradation Black 64 GB),SAMSUNG,51,519
Tecno Camon i (Champagne Gold 32 GB),Tecno,58,520
OPPO F11 (Marble Green 128 GB),OPPO,45,521
Nokia 9 (Blue 128 GB),Nokia,42,522
OPPO A3s (Purple 64 GB),OPPO,45,523
Redmi K20 Pro (Flame Red 128 GB),Redmi,49,524
Redmi K20 (Carbon Black 128 GB),Redmi,49,525
Redmi K20 (Carbon Black 64 GB),Redmi,49,526
Redmi K20 Pro (Carbon Black 256 GB),Redmi,49,527
Redmi K20 Pro (Flame Red 256 GB),Redmi,49,528
Coolpad Cool 3 (Midnight Blue 64 GB),Coolpad,8,529
ViVO V15 Pro (Topaz Blue 128 GB),ViVO,60,530
Lenovo Z6 Pro (Black 128 GB),Lenovo,31,531
I Kall K4 (Sea Blue 16 GB),IKall,18,532
Redmi 7 (Comet Blue 32 GB),Redmi,49,533
KARBONN Platinum P9 Pro (Aurora Blue 32 GB),KARBONN,26,534
I Kall K9 (Blue 16 GB),IKall,18,535
I Kall K5 (Blue 16 GB),IKall,18,536
OPPO A5s (Blue 32 GB),OPPO,45,537
SAMSUNG Galaxy A80 (Ghost White 128 GB),SAMSUNG,51,538
SAMSUNG Galaxy A80 (Phantom Black 128 GB),SAMSUNG,51,539
Itel A23 (Gradation Phantom Black 8 GB),Itel,24,540
Itel A23 (Gradation Ice Blue 8 GB),Itel,24,541
GIONEE F9 (Champagne 32 GB),GIONEE,11,542
Forme R7S (Champagne Gold 16 GB),Forme,10,543
ViVO Y91 (Nebula Purple 32 GB),ViVO,60,544
ViVO Y91 (Starry Black 32 GB),ViVO,60,545
OPPO Reno 10x Zoom (Ocean Green 128 GB),OPPO,45,546
OPPO Reno 10x Zoom (Ocean Green 256 GB),OPPO,45,547
ViVO Y15 (Burgundy Red 64 GB),ViVO,60,548
ViVO Y15 (Aqua Blue 64 GB),ViVO,60,549
SAMSUNG Galaxy M40 (Midnight Blue 128 GB),SAMSUNG,51,550
Itel A23 (Gradation Red 8 GB),Itel,24,551
ViVO S1 (Diamond Black 128 GB),ViVO,60,552
Micromax iOne (Black 16 GB),Micromax,38,553
realme 3i (Diamond Red 64 GB),realme,48,554
realme 3i (Diamond Black 32 GB),realme,48,555
realme X (Space Blue 128 GB),realme,48,556
realme X (Space Blue 128 GB),realme,48,557
realme 3i (Diamond Blue 64 GB),realme,48,558
ViVO Y90 (Gold 16 GB),ViVO,60,559
ViVO Y90 (Black 16 GB),ViVO,60,560
OPPO K3 (Aurora Blue 64 GB),OPPO,45,561
TASHAN TS-999 (Gold 16 GB),TASHAN,56,562
Itel A46 (DARK WATER 32 GB),Itel,24,563
Itel A46 (FIERY RED 32 GB),Itel,24,564
Itel A46 (NEON WATER 32 GB),Itel,24,565
OPPO A5s (Red 32 GB),OPPO,45,566
OPPO A5s (Black 32 GB),OPPO,45,567
ViVO Y12 (Aqua Blue 64 GB),ViVO,60,568
ViVO Y12 (Burgundy Red 64 GB),ViVO,60,569
Tecno Camon i Click (Midnight Black 64 GB),Tecno,58,570
LG Q60 (Blue 64 GB),LG,32,571
SAMSUNG Galaxy A20 (Gold 32 GB),SAMSUNG,51,572
SAMSUNG Galaxy A10 (Gold 32 GB),SAMSUNG,51,573
SAMSUNG Galaxy A30 (White 64 GB),SAMSUNG,51,574
KARBONN Platinum P9 (Stary Black Blue 16 GB),KARBONN,26,575
Redmi Note 8 (Space Black 64 GB),Redmi,49,576
REDMI Note 8 Pro (Shadow Black 128 GB),Redmi,49,577
OPPO F11 Pro Marvel’s Avengers Limited Edition (Space Blue 128 GB),OPPO,45,578
I Kall K 500 (Red 64 GB),IKall,18,579
I Kall K 8 NEw / K-8Plus (Red 16 GB),IKall,18,580
I Kall K 8 New (Green 16 GB),IKall,18,581
I Kall K 500 (Blue 64 GB),IKall,18,582
REDMI Note 8 Pro (Halo White 128 GB),Redmi,49,583
REDMI Note 8 Pro (Shadow Black 128 GB),Redmi,49,584
Redmi Note 8 (Space Black 128 GB),Redmi,49,585
REDMI Note 8 Pro (Gamma Green 64 GB),Redmi,49,586
REDMI Note 8 Pro (Halo White 64 GB),Redmi,49,587
REDMI Note 8 Pro (Shadow Black 64 GB),Redmi,49,588
OPPO A5s (Gold 64 GB),OPPO,45,589
ViVO Z1Pro (Sonic Black 128 GB),ViVO,60,590
ViVO Z1Pro (Sonic Blue 128 GB),ViVO,60,591
Huawei Y9 Prime 2019 (Sapphire Blue 128 GB),Huawei,16,592
Itel S42 (Rose Gold 16 GB),Itel,24,593
OPPO A5s (Blue 32 GB),OPPO,45,594
Tecno i3 Pro (Black 16 GB),Tecno,58,595
Infinix Hot 7 (Aqua Blue 64 GB),Infinix,19,596
Infinix Hot 7 (Midnight Black 64 GB),Infinix,19,597
Nokia 3.2 (Black 32 GB),Nokia,42,598
ViVO Y12 (Burgundy Red 32 GB),ViVO,60,599
ViVO Y12 (Aqua Blue 32 GB),ViVO,60,600
I Kall K7 (Green+Blue 16 GB),IKall,18,601
realme 5 Pro (Sparkling Blue 128 GB),realme,48,602
OPPO K3 (Jade Black 128 GB),OPPO,45,603
Ismart IS-i1 Dynamite (Black 16 GB),Ismart,23,604
OPPO Reno2 Z (Sky White 256 GB),OPPO,45,605
Mi A3 (Not just Blue 128 GB),Mi,36,606
Mi A3 (Not just Blue 64 GB),Mi,36,607
Mi A3 (Kind of Grey 64 GB),Mi,36,608
SAMSUNG Galaxy A10s (Green 32 GB),SAMSUNG,51,609
SAMSUNG Galaxy A10s (Black 32 GB),SAMSUNG,51,610
LEAGOO M9 Pro (Gold 16 GB),LEAGOO,30,611
Redmi K20 Pro (Pearl White 128 GB),Redmi,49,612
Redmi K20 (Pearl White 64 GB),Redmi,49,613
LEAGOO M9 Pro (Blue 16 GB),LEAGOO,30,614
OPPO Reno2 (Luminous Black 256 GB),OPPO,45,615
OPPO Reno2 (Ocean Blue 256 GB),OPPO,45,616
I Kall K200 (Golden / Gold 16 GB),IKall,18,617
I Kall K200 (Red 16 GB),IKall,18,618
I Kall K200 (Blue 16 GB),IKall,18,619
Redmi K20 Pro (Pearl White 256 GB),Redmi,49,620
ViVO V17Pro (Midnight Ocean Black 128 GB),ViVO,60,621
ViVO S1 (Skyline Blue 64 GB),ViVO,60,622
LEAGOO S8 (Dazzle Black 32 GB),LEAGOO,30,623
OPPO A9 2020 (Marine Green 128 GB),OPPO,45,624
OPPO A5 2020 (Dazzling White 64 GB),OPPO,45,625
OPPO A5 2020 (Mirror Black 64 GB),OPPO,45,626
APPLE iPhone 11 Pro Max (Gold 256 GB),Apple,2,627
APPLE iPhone 11 Pro Max (Gold 64 GB),Apple,2,628
APPLE iPhone 11 Pro Max (Midnight Green 256 GB),Apple,2,629
APPLE iPhone 11 Pro Max (Space Grey 64 GB),Apple,2,630
APPLE iPhone 11 Pro (Midnight Green 64 GB),Apple,2,631
APPLE iPhone 11 Pro (Space Grey 512 GB),Apple,2,632
APPLE iPhone 11 Pro Max (Midnight Green 64 GB),Apple,2,633
APPLE iPhone 11 Pro (Midnight Green 512 GB),Apple,2,634
APPLE iPhone 11 Pro (Space Grey 256 GB),Apple,2,635
Redmi 8A (Ocean Blue 32 GB),Redmi,49,636
Ismart I1 Dynamite (PRUPLE BLUE 16 GB),Ismart,23,637
SAMSUNG Galaxy A70s (Prism Crush Red 128 GB),SAMSUNG,51,638
SAMSUNG Galaxy A70s (Prism Crush White 128 GB),SAMSUNG,51,639
SAMSUNG Galaxy A20s (Blue 32 GB),SAMSUNG,51,640
SAMSUNG Galaxy A20s (Black 64 GB),SAMSUNG,51,641
Redmi 8 (Onyx Black 64 GB),Redmi,49,642
realme X2 Pro (Lunar White 256 GB),realme,48,643
realme X2 Pro (Neptune Blue 256 GB),realme,48,644
GIONEE F10 (Blue 32 GB),GIONEE,11,645
ViVO Y19 (Spring White 128 GB),ViVO,60,646
Tecno Spark Power (Dawn Blue 64 GB),Tecno,58,647
Tecno Spark Power (Alphenglow Gold 64 GB),Tecno,58,648
ViVO V17 (Midnight Ocean Black 128 GB),ViVO,60,649
ViVO V17 (Glacier ice white 128 GB),ViVO,60,650
realme X2 (Pearl White 64 GB),realme,48,651
realme X2 (Pearl Blue 128 GB),realme,48,652
REDMI Note 8 Pro (Electric Blue 128 GB),Redmi,49,653
I Kall K400 (Blue 64 GB),IKall,18,654
I Kall K900 (Dark Blue 64 GB),IKall,18,655
I Kall K400 (Black 64 GB),IKall,18,656
I Kall K600 (Black 16 GB),IKall,18,657
I Kall K600 (Golden 16 GB),IKall,18,658
Ismart i1 EPIC (Red and Black 16 GB),Ismart,23,659
REDMI Note 8 Pro (Electric Blue 64 GB),Redmi,49,660
Ismart i1 JUMBO (Night Blue 16 GB),Ismart,23,661
Ismart Dynamite (Black 16 GB),Ismart,23,662
ViVO Y11 (Agate Red 32 GB),ViVO,60,663
ViVO Y11 (Mineral Blue 32 GB),ViVO,60,664
Ismart i 1 Jumbo (Dark Red 16 GB),Ismart,23,665
Ismart i1 EPIC (Black and Blue 16 GB),Ismart,23,666
ViVO S1 Pro (Dreamy White 128 GB),ViVO,60,667
I Kall K1000 (Green 64 GB),IKall,18,668
I Kall K1000 (Blue 64 GB),IKall,18,669
I Kall K110 (Blue 16 GB),IKall,18,670
I Kall K110 (Black 16 GB),IKall,18,671
REDMI Note 8 Pro (Electric Blue 128 GB),Redmi,49,672
Redmi Note 8 (Cosmic Purple 64 GB),Redmi,49,673
SAMSUNG Galaxy A30s (Prism Crush Violet 128 GB),SAMSUNG,51,674
SAMSUNG Galaxy A30s (Prism Crush Black 128 GB),SAMSUNG,51,675
IQOO 3 (Tornado Black 128 GB),IQOO,22,676
IQOO 3 (Tornado Black 256 GB),IQOO,22,677
IQOO 3 (Quantum Silver 128 GB),IQOO,22,678
IQOO 3 (Quantum Silver 256 GB),IQOO,22,679
realme X50 Pro (Moss Green 256 GB),realme,48,680
realme X50 Pro (Rust Red 128 GB),realme,48,681
realme X50 Pro 5G (Rust Red 256 GB),realme,48,682
realme X50 Pro (Moss Green 128 GB),realme,48,683
Itel Vision1 (Gradation Purple 32 GB),Itel,24,684
Redmi 8A Dual (Sea Blue 32 GB),Redmi,49,685
Redmi 8A Dual (Sea Blue 32 GB),Redmi,49,686
Redmi 8A Dual (Midnight Grey 32 GB),Redmi,49,687
Redmi 8A Dual (Sky White 32 GB),Redmi,49,688
Itel Vision1 (Gradation Blue 32 GB),Itel,24,689
Redmi 8A Dual (Midnight Grey 32 GB),Redmi,49,690
Redmi 8A Dual (Sky White 32 GB),Redmi,49,691
OPPO A31 (Fantasy White 64 GB),OPPO,45,692
OPPO A31 (Lake Green 64 GB),OPPO,45,693
OPPO A31 (Fantasy White 128 GB),OPPO,45,694
OPPO A31 (Mystery Black 128 GB),OPPO,45,695
OPPO A31 (Mystery Black 64 GB),OPPO,45,696
realme 6 Pro (Lightning Orange 64 GB),realme,48,697
realme 6 Pro (Lightning Blue 128 GB),realme,48,698
SAMSUNG Galaxy S10 Lite (Prism Blue 512 GB),SAMSUNG,51,699
SAMSUNG Galaxy S10 Lite (Prism Black 512 GB),SAMSUNG,51,700
SAMSUNG Galaxy S10 Lite (Prism White 512 GB),SAMSUNG,51,701
BlackZone ECO (4G-VoLTE) (IRIS PURPLE 8 GB),BlackZone,4,702
TASHAN TS-971 (Blue 16 GB),TASHAN,56,703
TASHAN TS-981 (Gold 16 GB),TASHAN,56,704
Bluboo D6 Pro (Black 16 GB),Bluboo,5,705
Ismart Extreme (Sea Blue 32 GB),Ismart,23,706
Ismart Extreme (Sea Green 32 GB),Ismart,23,707
Nokia 2.3 (Cyan Green 32 GB),Nokia,42,708
SAMSUNG Galaxy M31 (Ocean Blue 64 GB),SAMSUNG,51,709
SAMSUNG Galaxy M31 (Space Black 128 GB),SAMSUNG,51,710
SAMSUNG Galaxy M31 (Space Black 64 GB),SAMSUNG,51,711
SAMSUNG Galaxy M31 (Ocean Blue 128 GB),SAMSUNG,51,712
OPPO Reno3 Pro (Auroral Blue 128 GB),OPPO,45,713
OPPO Reno3 Pro (Midnight Black 128 GB),OPPO,45,714
Tecno Camon 15 (SHOAL GOLD 64 GB),Tecno,58,715
Tecno Camon 15 (Fascinating Purple 64 GB),Tecno,58,716
Tecno Camon 15 Pro (Ice Jadite 128 GB),Tecno,58,717
Tecno Camon 15 Pro (Opal White 128 GB),Tecno,58,718
Tecno Camon i 2 (Champagne Gold 32 GB),Tecno,58,719
ViVO V19 (Mystic Silver 128 GB),ViVO,60,720
ViVO V19 (Mystic Silver 256 GB),ViVO,60,721
ViVO V19 (Piano Black 128 GB),ViVO,60,722
Redmi Note 9 Pro (Glacier White 64 GB),Redmi,49,723
Redmi Note 9 Pro (Interstellar Black 64 GB),Redmi,49,724
Redmi Note 9 Pro (Interstellar Black 128 GB),Redmi,49,725
Redmi Note 9 Pro (Aurora Blue 128 GB),Redmi,49,726
realme Narzo 10A (So White 32 GB),realme,48,727
Infinix Hot 9 Pro (Ocean Wave 64 GB),Infinix,19,728
ViVO Y91i (Fusion Black 32 GB),ViVO,60,729
ViVO Y91i (Ocean Blue 32 GB),ViVO,60,730
MOTOROLA Edge+ (Thunder Grey 256 GB),Motorola,41,731
Ismart I1 Extreme (Blue 16 GB),Ismart,23,732
TASHAN TS-971 -A13 VoLTE (Grey 16 GB),TASHAN,56,733
Ismart I1 Jumbo A9 (Green 16 GB),Ismart,23,734
Nokia 2.3 (Sand 32 GB),Nokia,42,735
Nokia 2.3 (Cyan Green 32 GB),Nokia,42,736
Nokia 2.3 (Charcoal 32 GB),Nokia,42,737
Ismart I1 Extreme (Purple 16 GB),Ismart,23,738
Ismart I1 Jumbo A9 (Red 16 GB),Ismart,23,739
TASHAN TS-981 X20 (Red 16 GB),TASHAN,56,740
Apple iPhone SE (White 256 GB) (Includes EarPods Power Adapter),Apple,2,741
OPPO Reno3 Pro (Midnight Black 256 GB),OPPO,45,742
OPPO Reno3 Pro (Auroral Blue 256 GB),OPPO,45,743
REDMI Note 9 Pro Max (Interstellar Black 128 GB),Redmi,49,744
Mi 10 (Twilight Grey 256 GB),Mi,36,745
Mi 10 (Coral Green 256 GB),Mi,36,746
SAMSUNG Galaxy M11 (Black 64 GB),SAMSUNG,51,747
SAMSUNG Galaxy M11 (Violet 32 GB),SAMSUNG,51,748
SAMSUNG Galaxy A31 (Prism Crush White 128 GB),SAMSUNG,51,749
SAMSUNG Galaxy A31 (Prism Crush Blue 128 GB),SAMSUNG,51,750
SAMSUNG Galaxy M11 (Metallic Blue 32 GB),SAMSUNG,51,751
SAMSUNG Galaxy M01 (Blue 32 GB),SAMSUNG,51,752
SAMSUNG Galaxy M11 (Black 32 GB),SAMSUNG,51,753
SAMSUNG Galaxy M01 (Black 32 GB),SAMSUNG,51,754
SAMSUNG Galaxy A31 (Prism Crush Black 128 GB),SAMSUNG,51,755
SAMSUNG Galaxy M01 (Red 32 GB),SAMSUNG,51,756
SAMSUNG Galaxy M11 (Metallic Blue 64 GB),SAMSUNG,51,757
SAMSUNG Galaxy M11 (Violet 64 GB),SAMSUNG,51,758
Panasonic ELUGA I6 (Black 16 GB),Panasonic,46,759
Panasonic Eluga I8 (Charcoal Black 32 GB),Panasonic,46,760
SAMSUNG Galaxy A51 (Prism Crush Blue 128 GB),SAMSUNG,51,761
SAMSUNG Galaxy A51 (Prism Crush Black 128 GB),SAMSUNG,51,762
ViVO Y50 (Pearl White 128 GB),ViVO,60,763
OPPO A12 (Blue 64 GB),OPPO,45,764
OPPO A12 (Black 32 GB),OPPO,45,765
OPPO A12 (Blue 32 GB),OPPO,45,766
I Kall K220 (Blue 16 GB),IKall,18,767
SAMSUNG Galaxy M21 (Raven Black 64 GB),SAMSUNG,51,768
SAMSUNG Galaxy M21 (Midnight Blue 64 GB),SAMSUNG,51,769
SAMSUNG Galaxy A21s (Black 64 GB),SAMSUNG,51,770
SAMSUNG Galaxy A21s (White 64 GB),SAMSUNG,51,771
SAMSUNG Galaxy A21s (Blue 64 GB),SAMSUNG,51,772
SAMSUNG Galaxy A21s (Blue 64 GB),SAMSUNG,51,773
SAMSUNG Galaxy A21s (White 64 GB),SAMSUNG,51,774
SAMSUNG Galaxy A21s (Black 64 GB),SAMSUNG,51,775
I Kall K201 (Green 16 GB),IKall,18,776
I Kall K201 (Dark Blue 16 GB),IKall,18,777
Celkon Diamond U (Blue & Black 16 GB),Celkon,7,778
SAMSUNG Galaxy M30S (Black 128 GB),SAMSUNG,51,779
I Kall K210 (Pink 16 GB),IKall,18,780
I Kall K210 (Blue 16 GB),IKall,18,781
OPPO A52 (Twilight Black 128 GB),OPPO,45,782
OPPO A52 (Stream White 128 GB),OPPO,45,783
realme X3 (Glacier Blue 128 GB),realme,48,784
realme X3 SuperZoom (Glacier Blue 256 GB),realme,48,785
realme X3 SuperZoom (Arctic White 256 GB),realme,48,786
realme X3 (Arctic White 128 GB),realme,48,787
realme X3 SuperZoom (Arctic White 128 GB),realme,48,788
Redmi 8A Dual (Sea Blue 64 GB),Redmi,49,789
Redmi 8A Dual (Sky White 64 GB),Redmi,49,790
Redmi 8A Dual (Midnight Grey 64 GB),Redmi,49,791
LG W30 Pro (Midnight Purple 64 GB),LG,32,792
ViVO Y30 (Emerald Black 128 GB),ViVO,60,793
POCO M2 Pro (Green and Greener 64 GB),POCO,47,794
POCO M2 Pro (Green and Greener 128 GB),POCO,47,795
POCO M2 Pro (Two Shades of Black 64 GB),POCO,47,796
POCO M2 Pro (Out of the Blue 128 GB),POCO,47,797
POCO M2 Pro (Two Shades of Black 64 GB),POCO,47,798
POCO M2 Pro (Two Shades of Black 128 GB),POCO,47,799
POCO M2 Pro (Out of the Blue 64 GB),POCO,47,800
MOTOROLA G9 Power (Electric Violet 64 GB),Motorola,41,801
MOTOROLA G9 Power (Metallic Sage 64 GB),Motorola,41,802
realme C11 (Rich Grey 32 GB),realme,48,803
realme C11 (Rich Green 32 GB),realme,48,804
realme 6i (Lunar White 64 GB),realme,48,805
realme 5 Pro (Chroma White 128 GB),realme,48,806
realme 6 (Comet Blue 64 GB),realme,48,807
realme 6 (Comet White 64 GB),realme,48,808
Tecno Spark 5 (ICE JADEITE 32 MB),Tecno,58,809
REDMI Note 9 Pro Max (Aurora Blue 64 GB),Redmi,49,810
ViVO X50 (Glaze Black 256 GB),ViVO,60,811
ViVO X50 (Glaze Black 128 GB),ViVO,60,812
ViVO X50 Pro (Alpha Grey 256 GB),ViVO,60,813
ViVO X50 (Frost Blue 128 GB),ViVO,60,814
ViVO X50 (Frost Blue 256 GB),ViVO,60,815
Redmi Note 9 Pro (Glacier White 128 GB),Redmi,49,816
Infinix Smart 4 Plus (Midnight Black 32 GB),Infinix,19,817
Infinix Smart 4 Plus (Ocean Wave 32 GB),Infinix,19,818
Infinix Smart 4 Plus (Violet 32 GB),Infinix,19,819
ASUS ROG Phone 3 (Black 128 GB),ASUS,3,820
Wizphone WP (Black 16 GB),Wizphone,62,821
OPPO A5s (Black 64 GB),OPPO,45,822
realme C3 (Volcano Grey 64 GB),realme,48,823
realme C3 (Volcano Grey 32 GB),realme,48,824
OPPO Reno (JET BLACK 128 GB),OPPO,45,825
SAMSUNG Galaxy A71 (Haze Crush Silver 128 GB),SAMSUNG,51,826
Honor 9S (Black 32 GB),Honor,13,827
SAMSUNG Galaxy A51 (Haze Crush Silver 128 GB),SAMSUNG,51,828
REDMI Note 9 Pro Max (Glacier White 64 GB),Redmi,49,829
OPPO A11K (Deep Blue 32 GB),OPPO,45,830
MOTOROLA E7 Plus (Misty Blue 64 GB),Motorola,41,831
OPPO A11K (Flowing Silver 32 GB),OPPO,45,832
MOTOROLA G9 (Sapphire Blue 64 GB),Motorola,41,833
LAVA Z61 Pro (Champagne Gold 16 GB),LAVA,29,834
LAVA Z61 Pro (Midnight Blue 16 GB),LAVA,29,835
LAVA Z66 (Berry Red 32 GB),LAVA,29,836
LAVA Z66 (Marine Blue 32 GB),LAVA,29,837
LAVA Z61 Pro (Amber Red 16 GB),LAVA,29,838
Moto G 5G (Volcanic Grey 128 GB),Motorola,41,839
Moto G 5G (Frosted Silver 128 GB),Motorola,41,840
OPPO Reno4 Pro Special Edition (Galactic Blue 128 GB),OPPO,45,841
OPPO Reno4 Pro (Silky White 128 GB),OPPO,45,842
OPPO Reno4 Pro (Starry Night 128 GB),OPPO,45,843
Redmi Note 9 (Pebble Grey 128 GB),Redmi,49,844
Redmi Note 9 (Aqua Green 64 GB),Redmi,49,845
Redmi Note 9 (Arctic White 128 GB),Redmi,49,846
Redmi Note 9 (Arctic White 128 GB),Redmi,49,847
Redmi Note 9 (Pebble Grey 64 GB),Redmi,49,848
Redmi Note 9 (Pebble Grey 128 GB),Redmi,49,849
Redmi Note 9 (Aqua Green 128 GB),Redmi,49,850
Redmi Note 9 (Arctic White 64 GB),Redmi,49,851
Redmi Note 9 (Aqua Green 128 GB),Redmi,49,852
LG W10 Alpha (Black 32 GB),LG,32,853
SAMSUNG Galaxy Note 20 Ultra 5G (Mystic Bronze 256 GB),SAMSUNG,51,854
SAMSUNG Galaxy Note 20 (Mystic Bronze 256 GB),SAMSUNG,51,855
SAMSUNG Galaxy Note 20 Ultra 5G (Mystic Black 256 GB),SAMSUNG,51,856
SAMSUNG Galaxy Note 20 (Mystic Green 256 GB),SAMSUNG,51,857
ringme ME 10 Pro (Black 16 GB),ringme,50,858
ringme ME 10 Pro (Blue 16 GB),ringme,50,859
OPPO A5s (Blue 64 GB),OPPO,45,860
REDMI Note 9 Pro Max (Aurora Blue 128 GB),Redmi,49,861
SAMSUNG Galaxy M01s  (Light Blue 32 GB),SAMSUNG,51,862
SAMSUNG M01 core (Blue 16 GB),SAMSUNG,51,863
SAMSUNG M01 core (Black 32 GB),SAMSUNG,51,864
SAMSUNG M01 core (Black 16 GB),SAMSUNG,51,865
SAMSUNG M01 core (Blue 32 GB),SAMSUNG,51,866
SAMSUNG M01 core (Red 16 GB),SAMSUNG,51,867
SAMSUNG M01 core (Red 32 GB),SAMSUNG,51,868
Panasonic Eluga I7 (Black 16 GB),Panasonic,46,869
Tecno Spark 5 Pro (Seabed Blue 64 GB),Tecno,58,870
realme C15 (Power Silver 32 GB),realme,48,871
realme C12 (Power Silver 32 GB),realme,48,872
realme C15 (Power Blue 64 GB),realme,48,873
realme C12 (Power Blue 32 GB),realme,48,874
realme C15 (Power Blue 32 GB),realme,48,875
realme C15 (Power Silver 64 GB),realme,48,876
BlackZone UNI 4G (SKYLINE BLUE 16 GB),BlackZone,4,877
Micromax Bharat 4 Plus (Black 16 GB),Micromax,38,878
REDMI Note 9 Pro Max (Interstellar Black 64 GB),Redmi,49,879
BlackZone TURBO 4G (Green 16 GB),BlackZone,4,880
SAMSUNG Galaxy M01s (Gray 32 GB),SAMSUNG,51,881
Itel Vision1 (Gradation Green 32 GB),Itel,24,882
Itel Vision1 (Gradation Blue 32 GB),Itel,24,883
Redmi Note 9 (Scarlet Red 64 GB),Redmi,49,884
OPPO A52 (Twilight Black 128 GB),OPPO,45,885
OPPO A52 (Twilight Black 128 GB),OPPO,45,886
OPPO A52 (Stream White 128 GB),OPPO,45,887
OPPO A52 (Stream White 128 GB),OPPO,45,888
Ismart i1 Supreme (Red 32 GB),Ismart,23,889
Ismart i1 Supreme (Black 32 GB),Ismart,23,890
SAMSUNG Galaxy Note 20 (Mystic Blue 256 GB),SAMSUNG,51,891
Tecno SPARK 6 AIR (COMET BLACK 32 GB),Tecno,58,892
Redmi Note 9 (Scarlet Red 128 GB),Redmi,49,893
GIONEE Max (Royal Blue 32 GB),GIONEE,11,894
GIONEE Max (Black 32 GB),GIONEE,11,895
GIONEE Max (Red 32 GB),GIONEE,11,896
Tecno SPARK 6 AIR (OCEAN BLUE 32 GB),Tecno,58,897
OPPO A53 (Electric Black 64 GB),OPPO,45,898
Google Pixel 4a (Just Black 128 GB),Google,12,899
Redmi 9 Prime (Matte Black 64 GB),Redmi,49,900
Redmi 9 Prime (Matte Black 128 GB),Redmi,49,901
Redmi 9 Prime (Mint Green 64 GB),Redmi,49,902
Redmi Note 9 Pro (Glacier White 128 GB),Redmi,49,903
Redmi 9 Prime (Mint Green 128 GB),Redmi,49,904
Redmi 9 Prime (Space Blue 64 GB),Redmi,49,905
Redmi 9 Prime (Space Blue 128 GB),Redmi,49,906
Redmi 9 Prime (Sunrise Flare 64 GB),Redmi,49,907
Redmi 9 Prime (Sunrise Flare 128 GB),Redmi,49,908
ViVO Y20 (Obsidian Black 64 GB),ViVO,60,909
ViVO Y20 (Purist Blue 64 GB),ViVO,60,910
ViVO Y20 (Obsidian Black 64 GB),ViVO,60,911
ViVO Y20i (Nebula Blue 64 GB),ViVO,60,912
ViVO Y20i (Dawn White 64 GB),ViVO,60,913
ViVO Y20 (Purist Blue 64 GB),ViVO,60,914
ViVO Y20 (Dawn White 64 GB),ViVO,60,915
Tecno Spark Power 2 Air (Cosmic Shine 32 GB),Tecno,58,916
Tecno Spark Go 2020 (Ice jadeite 32 GB),Tecno,58,917
Tecno Spark Go 2020 (Mystery White 32 GB),Tecno,58,918
Tecno Spark Go 2020 (Aqua Blue 32 GB),Tecno,58,919
Redmi Note 9 Pro (Aurora Blue 128 GB),Redmi,49,920
Infinix Hot 9 (Quetzal Cyan 64 GB),Infinix,19,921
ASUS ROG Phone 3 (Black 128 GB),ASUS,3,922
Zen Admire Shine (Gold 8 GB),Zen,66,923
SAMSUNG Galaxy M31s (Mirage Blue 128 GB),SAMSUNG,51,924
BlackZone UNI 4G (AURORA BLUE 16 GB),BlackZone,4,925
BlackZone TURBO 4G (Blue 16 GB),BlackZone,4,926
SAMSUNG Galaxy M31 (Ocean Blue 128 GB),SAMSUNG,51,927
realme 7 (Mist Blue 128 GB),realme,48,928
realme 7 Pro (Mirror Silver 128 GB),realme,48,929
realme 7 (Mist White 64 GB),realme,48,930
realme 7 (Mist White 128 GB),realme,48,931
realme 7 Pro (Mirror Silver 128 GB),realme,48,932
realme 7 (Mist Blue 64 GB),realme,48,933
realme 7 Pro (Mirror Blue 128 GB),realme,48,934
realme 7 Pro (Mirror Blue 128 GB),realme,48,935
SAMSUNG M31s (Mirage Blue 128 GB),SAMSUNG,51,936
Redmi Note 9 Pro (Interstellar Black 128 GB),Redmi,49,937
SAMSUNG Galaxy M31s (Mirage Black 128 GB),SAMSUNG,51,938
Redmi Note 9 (Scarlet Red 128 GB),Redmi,49,939
Nokia 5.3 (CHARCOAL 64 GB),Nokia,42,940
Redmi 9 (Sporty Orange 64 GB),Redmi,49,941
Redmi 9 (Sky Blue 128 GB),Redmi,49,942
Redmi 9 (Sky Blue 64 GB),Redmi,49,943
I Kall K3 (blue and sea blue 16 GB),IKall,18,944
I Kall K3 (Red 16 GB),IKall,18,945
I Kall K4 PLUS (Blue 64 GB),IKall,18,946
I Kall K800 (Gold 16 GB),IKall,18,947
SAMSUNG Galaxy F41 (Fusion Green 128 GB),SAMSUNG,51,948
SAMSUNG Galaxy F41 (Fusion Blue 128 GB),SAMSUNG,51,949
SAMSUNG Galaxy F41 (Fusion Black 64 GB),SAMSUNG,51,950
SAMSUNG Galaxy F41 (Fusion Blue 64 GB),SAMSUNG,51,951
SAMSUNG Galaxy F41 (Fusion Black 128 GB),SAMSUNG,51,952
SAMSUNG Galaxy F41 (Fusion Green 64 GB),SAMSUNG,51,953
Itel VISION1 (GRADATION GREEN 32 GB),Itel,24,954
Tecno Spark 5 (Orange 32 GB),Tecno,58,955
Infinix Smart 4 Plus (Quetzal Cyan 32 GB),Infinix,19,956
I Kall K800 (Red 16 GB),IKall,18,957
I Kall K800 (Blue 16 GB),IKall,18,958
REDMI 9i (Midnight Black 64 GB),Redmi,49,959
REDMI 9i (Nature Green 64 GB),Redmi,49,960
REDMI 9i (Midnight Black 128 GB),Redmi,49,961
REDMI 9i (Sea Blue 64 GB),Redmi,49,962
REDMI 9i (Sea Blue 128 GB),Redmi,49,963
REDMI 9i (Nature Green 128 GB),Redmi,49,964
I Kall K4 (Blue / Sea Blue 16 GB),IKall,18,965
REDMI Note 9 Pro Max (Champagne Gold 64 GB),Redmi,49,966
REDMI Note 9 Pro Max (Champagne Gold 128 GB),Redmi,49,967
POCO M2 (Brick Red 128 GB),POCO,47,968
LAVA Z61 Pro (Lavender Blue 16 GB),LAVA,29,969
Nokia C3 (Sand 16 GB),Nokia,42,970
Nokia C3 (Nordic Blue 32 GB),Nokia,42,971
Nokia C3 (Nordic Blue 16 GB),Nokia,42,972
Nokia C3 (Sand 32 GB),Nokia,42,973
Redmi 9A (SeaBlue 32 GB),Redmi,49,974
Redmi 9A (Midnight Black 32 GB),Redmi,49,975
Redmi 9A (Nature Green 32 GB),Redmi,49,976
Redmi 9A (Nature Green 32 GB),Redmi,49,977
OPPO F17 (Dynamic Orange 128 GB),OPPO,45,978
OPPO F17 (Navy Blue 128 GB),OPPO,45,979
OPPO F17 (Navy Blue 128 GB),OPPO,45,980
OPPO F17 (Dynamic Orange 128 GB),OPPO,45,981
OPPO F17 (Classic Silver 128 GB),OPPO,45,982
Redmi 9A (Sea Blue 32 GB),Redmi,49,983
Redmi 9A (Midnight Black 32 GB),Redmi,49,984
I Kall K260 (Blue 16 GB),IKall,18,985
I Kall K260 (Purple 16 GB),IKall,18,986
realme Narzo 20 Pro (Black Ninja 128 GB),realme,48,987
realme Narzo 20 (Victory Blue 128 GB),realme,48,988
realme Narzo 20 Pro (Black Ninja 64 GB),realme,48,989
realme Narzo 20A (Glory Silver 64 GB),realme,48,990
realme Narzo 20 (Glory Silver 128 GB),realme,48,991
Infinix Note 7 (Forest Green 64 GB),Infinix,19,992
Infinix Note 7 (Aether Black 64 GB),Infinix,19,993
REDMI 9 (Sporty Orange 128 GB),Redmi,49,994
Lenovo A7 (Black 32 GB),Lenovo,31,995
Lenovo A7 (Blue 32 GB),Lenovo,31,996
Spinup A9 (Blue 32 GB),Spinup,53,997
REDMI 9 (CarbonBlack 128 GB),Redmi,49,998
MOTOROLA E7 Power (Tahiti Blue 64 GB),Motorola,41,999
MOTOROLA E7 Power (Coral Red 32 GB),Motorola,41,1000
MOTOROLA E7 Power (Coral Red 64 GB),Motorola,41,1001
MOTOROLA E7 Power (Tahiti Blue 32 GB),Motorola,41,1002
MOTOROLA Razr 5G (Polished Graphite 256 GB),Motorola,41,1003
realme 7i (Fusion Green 64 GB),realme,48,1004
realme 7i (Fusion Green 128 GB),realme,48,1005
realme 7i (Fusion Blue 64 GB),realme,48,1006
Redmi 9 (Carbon Black 64 GB),Redmi,49,1007
Wizphone WP003 (Black 16 GB),Wizphone,62,1008
Redmi Note 9 Pro (Champagne Gold 128 GB),Redmi,49,1009
Redmi Note 9 Pro (Champagne Gold 128 GB),Redmi,49,1010
POCO X3 (Shadow Gray 128 GB),POCO,47,1011
POCO X3 (Cobalt Blue 64 GB),POCO,47,1012
POCO C3 (Matte Black 64 GB),POCO,47,1013
POCO C3 (Arctic Blue 64 GB),POCO,47,1014
POCO C3 (Arctic Blue 32 GB),POCO,47,1015
POCO C3 (Lime Green 32 GB),POCO,47,1016
POCO X3 (Cobalt Blue 128 GB),POCO,47,1017
POCO X3 (Cobalt Blue 128 GB),POCO,47,1018
POCO C3 (Matte Black 32 GB),POCO,47,1019
POCO X3 (Shadow Gray 64 GB),POCO,47,1020
POCO C3 (Lime Green 64 GB),POCO,47,1021
KARBONN Titanium S9 Plus (Midnight Blue 32 GB),KARBONN,26,1022
Redmi Note 9 Pro (Champagne Gold 64 GB),Redmi,49,1023
SAMSUNG GALAXY M51 (Celestial Black 128 GB),SAMSUNG,51,1024
SAMSUNG GALAXY M51 (ELECTRIC BLUE 128 GB),SAMSUNG,51,1025
ViVO V20 (Midnight Jazz 128 GB),ViVO,60,1026
ViVO V20 (Sunset Melody 128 GB),ViVO,60,1027
ViVO V20 (Moonlight Sonata 128 GB),ViVO,60,1028
SAMSUNG GALAXY M31S (Mirage Black 128 GB),SAMSUNG,51,1029
Infinix Hot 10 (Ocean Wave 64 GB),Infinix,19,1030
Infinix Hot 10 (Obsidian Black 128 GB),Infinix,19,1031
Infinix Hot 10 (Amber Red 64 GB),Infinix,19,1032
Infinix Hot 10 (Moonlight Jade 64 GB),Infinix,19,1033
Infinix Hot 10 (Ocean Wave 128 GB),Infinix,19,1034
Infinix Hot 10 (Moonlight Jade 128 GB),Infinix,19,1035
BlackZone ELUGA 4G (Matt Blue 32 GB),BlackZone,4,1036
BlackZone K20 (Blue 16 GB),BlackZone,4,1037
MOTOROLA G30 (Dark Pearl 64 GB),Motorola,41,1038
MOTOROLA G10 Power (Aurora Grey 64 GB),Motorola,41,1039
MOTOROLA G10 Power (Breeze Blue 64 GB),Motorola,41,1040
Itel VISION 1 (GRADATION BLUE 32 GB),Itel,24,1041
OPPO F17 Pro (Magic Blue 128 GB),OPPO,45,1042
OPPO F17 Pro (Matte Black 128 GB),OPPO,45,1043
OPPO F17 Pro (Metallic White 128 GB),OPPO,45,1044
I Kall K280 (Black 32 GB),IKall,18,1045
I Kall K280 (Grey 32 GB),IKall,18,1046
I Kall K380 (Silver 32 GB),IKall,18,1047
BlackZone PRO 4G (Dazzling Blue 32 GB),BlackZone,4,1048
BlackZone K20 (Green 16 GB),BlackZone,4,1049
Itel A25 Pro (Gradation Blue 32 GB),Itel,24,1050
Itel A25 Pro (Gradation Purple 32 GB),Itel,24,1051
Itel A25 Pro (Gradation Green 32 GB),Itel,24,1052
Tecno Camon 16 (Cloud White 64 GB),Tecno,58,1053
Tecno Camon 16 (Purist Blue 64 GB),Tecno,58,1054
SuperD Super (Gold 32 GB),SuperD,54,1055
Mi 10T Pro (Lunar Silver 128 GB),Mi,36,1056
Mi 10T Pro (Cosmic Black 128 GB),Mi,36,1057
Mi 10T (Lunar Silver 128 GB),Mi,36,1058
Mi 10T (Cosmic Black 128 GB),Mi,36,1059
Mi 10T (Cosmic Black 128 GB),Mi,36,1060
SAMSUNG Galaxy S20 FE (Cloud Mint 128 GB),SAMSUNG,51,1061
SAMSUNG Galaxy S20 FE (Cloud Lavender 128 GB),SAMSUNG,51,1062
SAMSUNG Galaxy S20 FE (Cloud White 128 GB),SAMSUNG,51,1063
SAMSUNG Galaxy S20 FE (Cloud Navy 128 GB),SAMSUNG,51,1064
Brown Proud 1 (chocolate 16 GB),Brown,6,1065
Spinup A8 (Sky Blue 16 GB),Spinup,53,1066
APPLE iPhone 12 Pro (Silver 512 GB),Apple,2,1067
APPLE iPhone 12 Pro Max (Pacific Blue 256 GB),Apple,2,1068
APPLE iPhone 12 Mini (White 128 GB),Apple,2,1069
APPLE iPhone 12 Pro (Graphite 256 GB),Apple,2,1070
APPLE iPhone 12 Mini (White 64 GB),Apple,2,1071
APPLE iPhone 12 (White 128 GB),Apple,2,1072
APPLE iPhone 12 Pro (Graphite 128 GB),Apple,2,1073
APPLE iPhone 12 Pro Max (Graphite 256 GB),Apple,2,1074
APPLE iPhone 12 Pro Max (Graphite 128 GB),Apple,2,1075
APPLE iPhone 12 Mini (Black 128 GB),Apple,2,1076
APPLE iPhone 12 Mini (Blue 128 GB),Apple,2,1077
APPLE iPhone 12 (Black 128 GB),Apple,2,1078
APPLE iPhone 12 (Blue 128 GB),Apple,2,1079
APPLE iPhone 12 Pro Max (Silver 128 GB),Apple,2,1080
APPLE iPhone 12 Mini (Red 64 GB),Apple,2,1081
APPLE iPhone 12 Pro Max (Gold 128 GB),Apple,2,1082
APPLE iPhone 12 (Green 128 GB),Apple,2,1083
APPLE iPhone 12 Pro (Pacific Blue 512 GB),Apple,2,1084
APPLE iPhone 12 (White 64 GB),Apple,2,1085
APPLE iPhone 12 (Black 64 GB),Apple,2,1086
APPLE iPhone 12 (Red 128 GB),Apple,2,1087
APPLE iPhone 12 Mini (Black 64 GB),Apple,2,1088
APPLE iPhone 12 Pro (Pacific Blue 128 GB),Apple,2,1089
APPLE iPhone 12 Pro Max (Pacific Blue 128 GB),Apple,2,1090
APPLE iPhone 12 Pro Max (Silver 256 GB),Apple,2,1091
APPLE iPhone 12 Pro Max (Gold 256 GB),Apple,2,1092
SAMSUNG Galaxy A21s (Black 128 GB),SAMSUNG,51,1093
SAMSUNG Galaxy A21s (Silver 128 GB),SAMSUNG,51,1094
SAMSUNG Galaxy A21s (Blue 128 GB),SAMSUNG,51,1095
KARBONN Titanium S9 Plus (Black 32 GB),KARBONN,26,1096
Spinup A9 (Blue 32 GB),Spinup,53,1097
KXD P8 (Gold 8 GB),KXD,28,1098
LG Velvet Dual Screen (Black 128 GB),LG,32,1099
LG Velvet Dual Screen (Aurora Silver 128 GB),LG,32,1100
APPLE iPhone 11 (White 128 GB),Apple,2,1101
APPLE iPhone 11 (Red 128 GB),Apple,2,1102
APPLE iPhone SE (White 64 GB),Apple,2,1103
APPLE iPhone SE (Black 128 GB),Apple,2,1104
APPLE iPhone SE (White 128 GB),Apple,2,1105
APPLE iPhone SE (Red 128 GB),Apple,2,1106
APPLE iPhone 11 (Black 128 GB),Apple,2,1107
APPLE iPhone SE (Black 64 GB),Apple,2,1108
APPLE iPhone 11 (Purple 64 GB),Apple,2,1109
APPLE iPhone 11 (White 64 GB),Apple,2,1110
APPLE iPhone 11 (Black 64 GB),Apple,2,1111
APPLE iPhone 11 (Red 64 GB),Apple,2,1112
OPPO A33 (Mint Cream 32 GB),OPPO,45,1113
realme C15 Qualcomm Edition (Power Silver 32 GB),realme,48,1114
realme C15 Qualcomm Edition (Power Blue 64 GB),realme,48,1115
realme C15 Qualcomm Edition (Power Blue 32 GB),realme,48,1116
realme C15 Qualcomm Edition (Power Silver 64 GB),realme,48,1117
ViVO V20 SE (Aquamarine Green 128 GB),ViVO,60,1118
ViVO V20 SE (Gravity Black 128 GB),ViVO,60,1119
Itel A48 (Gradation Green 32 GB),Itel,24,1120
Itel A48 (Gradation Green 32 GB),Itel,24,1121
OPPO F17 PRO (Gold 128 GB),OPPO,45,1122
Itel A48 (Gradation Purple 32 GB),Itel,24,1123
GIONEE F8 Neo (Blue 32 GB),GIONEE,11,1124
GIONEE F8 Neo (Black 32 GB),GIONEE,11,1125
OPPO A15 (Dynamic Black 32 GB),OPPO,45,1126
realme 7 Pro (Sun Kissed Leather 128 GB),realme,48,1127
SAMSUNG Galaxy M51 (Electric Blue 128 GB),SAMSUNG,51,1128
SAMSUNG Galaxy M51 (Celestial Black 128 GB),SAMSUNG,51,1129
Micromax IN Note 1 (White 64 GB),Micromax,38,1130
Micromax IN Note 1 (Green 64 GB),Micromax,38,1131
Micromax IN Note 1 (Green 128 GB),Micromax,38,1132
realme X3 SuperZoom (Arctic White 256 GB),realme,48,1133
SAMSUNG M31 Prime (Space Black 128 GB),SAMSUNG,51,1134
Coolpad COOL 3 (CHERRY BLACK 32 GB),Coolpad,8,1135
Coolpad COOL 3 (Ocean Indigo 32 GB),Coolpad,8,1136
Redmi Note 9 (Shadow Black 64 GB),Redmi,49,1137
OPPO A15 (Mystery Blue 32 GB),OPPO,45,1138
ViVO V20 Pro (Sunset Melody 128 GB),ViVO,60,1139
ViVO V20 Pro (Midnight Jazz 128 GB),ViVO,60,1140
Nokia 2.4 (Dusk Purple 64 GB),Nokia,42,1141
Nokia 2.4 (Charcoal Grey 64 GB),Nokia,42,1142
Nokia 2.4 (Fjord Blue 64 GB),Nokia,42,1143
Infinix Zero 8i (Black Diamond 128 GB),Infinix,19,1144
Infinix Zero 8i (Silver Diamond 128 GB),Infinix,19,1145
Maplin G2 (Black 32 GB),Maplin,34,1146
Maplin G1 (Blue 16 GB),Maplin,34,1147
Maplin G1 (Ice Blue 16 GB),Maplin,34,1148
ViVO Y51 (Titanium Sapphire 128 GB),ViVO,60,1149
Tecno POVA (Speed Purple 128 GB),Tecno,58,1150
Tecno POVA (Speed Purple 64 GB),Tecno,58,1151
Tecno POVA (Magic Blue 64 GB),Tecno,58,1152
Tecno POVA (Dazzle Black 128 GB),Tecno,58,1153
OPPO A15 (Dynamic Black 32 GB),OPPO,45,1154
Ismart I1 Giant (White 32 GB),Ismart,23,1155
Ismart I1 Giant (Green Black 32 GB),Ismart,23,1156
Itel A48 (Gradation Black 32 GB),Itel,24,1157
ringme XPro (Purple 16 GB),ringme,50,1158
ringme A5Pro (Purple 16 GB),ringme,50,1159
Redmi Note 9 (Shadow Black 128 GB),Redmi,49,1160
Infinix Smart HD 2021 (Quartz Green 32 GB),Infinix,19,1161
Ismart i1 Thunder (Pink Purple 32 GB),Ismart,23,1162
Ismart i1 Thunder (Blue 32 GB),Ismart,23,1163
ringme A5 Pro (Purple 16 GB),ringme,50,1164
Kekai S5 Pro (Blue 32 GB),Kekai,27,1165
ringme A5 Pro (Blue 16 GB),ringme,50,1166
Spinup A6 4G (Dazzling Gold 16 GB),Spinup,53,1167
Kekai S5 Aqua (Purple blue 16 GB),Kekai,27,1168
Kekai S5 Aqua (Arrogant Green 16 GB),Kekai,27,1169
Ismart I1 Thunder (Sea Blue 32 GB),Ismart,23,1170
ringme A5Pro-2 (Blue 16 GB),ringme,50,1171
KARBONN Titanium Jumbo 2 (Black 16 GB),KARBONN,26,1172
Ismart I1 Thunder (Pink + Purple 32 GB),Ismart,23,1173
Ismart Is-57I Ultra (Blue 16 GB),Ismart,23,1174
ViVO Y30 (Emerald Black 128 GB),ViVO,60,1175
ViVO V20 2021 (Sunset Melody 128 GB),ViVO,60,1176
Lenovo K6 Power (Dark Black 32 GB),Lenovo,31,1177
Tecno Spark 6 Go (Ice Jadeite 64 GB),Tecno,58,1178
Tecno Spark 6 Go (Mystery White 64 GB),Tecno,58,1179
Tecno Spark 6 Go (Aqua Blue 64 GB),Tecno,58,1180
ViVO Y20A (Nebula Blue 64 GB),ViVO,60,1181
ViVO Y20A (Dawn White 64 GB),ViVO,60,1182
OPPO A15 (Mystery Blue 32 GB),OPPO,45,1183
ringme XPro (Blue 16 GB),ringme,50,1184
Wizphone wiz (Black 16 GB),Wizphone,62,1185
Spinup A7 Pro (Fusion Blue 16 GB),Spinup,53,1186
Spinup A7 Pro (Snow White 16 GB),Spinup,53,1187
ViVO V7 (Energetic Blue 32 GB),ViVO,60,1188
Infocus Snap 4 (Midnight Black 64 GB),Infocus,20,1189
ringme M10 Pro (Blue 16 GB),ringme,50,1190
Spinup A8Pro (Mattle Blue 16 GB),Spinup,53,1191
Ismart Epic (Night Red 16 GB),Ismart,23,1192
Ismart Dazzling (Dazzling Blue 16 GB),Ismart,23,1193
SuperD D1 (Gold 32 GB),SuperD,54,1194
ViVO Y12s (Phantom Black 32 GB),ViVO,60,1195
ViVO Y12s (Glacier Blue 32 GB),ViVO,60,1196
I Kall K325 (Green 16 GB),IKall,18,1197
OPPO A15S (Fancy White 64 GB),OPPO,45,1198
I Kall K325 (Blue 16 GB),IKall,18,1199
I Kall K8 (Red 16 GB),IKall,18,1200
Kekai Alpha (Sea Green 16 GB),Kekai,27,1201
Kekai Alpha (Shady Red 16 GB),Kekai,27,1202
Maplin G2 Gio (Black 32 GB),Maplin,34,1203
Maplin G2 Gio (Mirage Blue 32 GB),Maplin,34,1204
I Kall K2 (Ocean Blue 64 GB),IKall,18,1205
SAMSUNG Galaxy J7 Nxt (Gold 32 GB),SAMSUNG,51,1206
SAMSUNG Galaxy J7 Nxt (Black 32 GB),SAMSUNG,51,1207
Itel A22 PRO (CHAMPAGNE GOLD 16 GB),Itel,24,1208
KARBONN S9-PLUS (Midnight Blue 32 GB),KARBONN,26,1209
SAMSUNG Galaxy Fold 2 (Mystic Bronze 256 GB),SAMSUNG,51,1210
SAMSUNG Galaxy Fold 2 (Mystic Black 256 GB),SAMSUNG,51,1211
REDMI 9 Power (Electric Green 64 GB),Redmi,49,1212
REDMI 9 Power (Fiery Red 128 GB),Redmi,49,1213
REDMI 9 Power (Blazing Blue 64 GB),Redmi,49,1214
SAMSUNG Galaxy M31 (Iceberg blue 128 GB),SAMSUNG,51,1215
REDMI 9 Power (Mighty Black 64 GB),Redmi,49,1216
REDMI 9 Power (Blazing Blue 128 GB),Redmi,49,1217
REDMI 9 Power (Fiery Red 64 GB),Redmi,49,1218
REDMI 9 Power (Mighty Black 128 GB),Redmi,49,1219
Kekai Aura 4G (Diamond Blue 16 GB),Kekai,27,1220
Brown B-one (Coffee Gold 16 GB),Brown,6,1221
REDMI 9 Power (Electric Green 128 GB),Redmi,49,1222
ViVO Y51A (Crystal Symphony 128 GB),ViVO,60,1223
ViVO Y51A (Titanium Sapphire 128 GB),ViVO,60,1224
SAMSUNG Galaxy S21 Plus (Phantom Violet 256 GB),SAMSUNG,51,1225
SAMSUNG Galaxy S21 Ultra (Phantom Silver 256 GB),SAMSUNG,51,1226
SAMSUNG Galaxy S21 Plus (Phantom Black 256 GB),SAMSUNG,51,1227
SAMSUNG Galaxy S21 Plus (Phantom Silver 256 GB),SAMSUNG,51,1228
SAMSUNG Galaxy S21 Ultra (Phantom Black 256 GB),SAMSUNG,51,1229
SAMSUNG Galaxy S21 Plus (Phantom Violet 128 GB),SAMSUNG,51,1230
SAMSUNG Galaxy S21 Plus (Phantom Silver 128 GB),SAMSUNG,51,1231
SAMSUNG Galaxy S21 Plus (Phantom Black 128 GB),SAMSUNG,51,1232
SAMSUNG Galaxy A71 (Prism Crush Black 128 GB),SAMSUNG,51,1233
SAMSUNG Galaxy Note10 Lite (Aura Black 128 GB),SAMSUNG,51,1234
SAMSUNG Galaxy A71 (Prism Crush Blue 128 GB),SAMSUNG,51,1235
SAMSUNG Galaxy Note10 Lite (Aura Glow 128 GB),SAMSUNG,51,1236
SAMSUNG Galaxy A51 (Prism Crush Black 128 GB),SAMSUNG,51,1237
SAMSUNG Galaxy Note10 Lite (Aura Glow 128 GB),SAMSUNG,51,1238
Mi 10i (Atlantic Blue 128 GB),Mi,36,1239
Mi 10i (Midnight Black 128 GB),Mi,36,1240
Mi 10i (Midnight Black 128 GB),Mi,36,1241
Mi 10i (Atlantic Blue 128 GB),Mi,36,1242
Mi 10i (Pacific Sunrise 128 GB),Mi,36,1243
Mi 10i (Pacific Sunrise 128 GB),Mi,36,1244
OPPO A15 (Rainbow Silver 32 GB),OPPO,45,1245
Ismart IS-i1 DYNAMITE (Blue and Purple 16 GB),Ismart,23,1246
SAMSUNG Galaxy M30s (Blue 128 GB),SAMSUNG,51,1247
SAMSUNG Galaxy S10 Lite (Prism White 128 GB),SAMSUNG,51,1248
ViVO Y31 (Racing Black 128 GB),ViVO,60,1249
ViVO Y31 (Ocean Blue 128 GB),ViVO,60,1250
OPPO A15s (Dynamic Black 64 GB),OPPO,45,1251
Voto V2i (Gold 16 GB),Voto,61,1252
Tecno Camon i 2 (MIDNIGHT BLACK 32 GB),Tecno,58,1253
Coolpad COOL 3 (MIDNIGHT BLUE 32 GB),Coolpad,8,1254
Voto V3 (Black 16 GB),Voto,61,1255
OPPO Reno5 Pro 5G (Astral Blue 128 GB),OPPO,45,1256
OPPO Reno5 Pro 5G (Starry Black 128 GB),OPPO,45,1257
LG K42 (Gray 64 GB),LG,32,1258
Redmi Note 9 (Shadow Black 128 GB),Redmi,49,1259
OPPO A12 (Flowing Silver 32 GB),OPPO,45,1260
OPPO A12 (Deep Blue 64 GB),OPPO,45,1261
OPPO A12 (Deep Blue 32 GB),OPPO,45,1262
Ismart Epic (Brick Red 16 GB),Ismart,23,1263
Ismart Epic (Blue Black 16 GB),Ismart,23,1264
Ismart Jumbo (Night Green 16 GB),Ismart,23,1265
Ismart Jumbo (Night Red 16 GB),Ismart,23,1266
Honor 9A (MIDNIGHT BLACK 64 GB),Honor,13,1267
Ismart Dynamic (Shaded Black 16 GB),Ismart,23,1268
SAMSUNG M02s (Black 64 GB),SAMSUNG,51,1269
SAMSUNG M02s (Red 32 GB),SAMSUNG,51,1270
SAMSUNG M02s (Black 32 GB),SAMSUNG,51,1271
SAMSUNG M02s (Red 64 GB),SAMSUNG,51,1272
Coolpad Mega 5C (Gold 16 GB),Coolpad,8,1273
Coolpad Mega 5C (Blue 16 GB),Coolpad,8,1274
Coolpad Mega 5C (Grey 16 GB),Coolpad,8,1275
POCO X2 (Matrix Purple 64 GB),POCO,47,1276
realme X7 5G (Space Silver 128 GB),realme,48,1277
realme X7 5G (Nebula 128 GB),realme,48,1278
realme X7 5G (Space Silver 128 GB),realme,48,1279
Coolpad Mega 5S (Gold 64 GB),Coolpad,8,1280
realme C3 (Frozen Blue 32 GB),realme,48,1281
realme X7 Pro 5G (Mystic Black 128 GB),realme,48,1282
realme X7 Pro 5G (Fantasy 128 GB),realme,48,1283
Lenovo K6 POWER (GREY/BLACK 32 GB),Lenovo,31,1284
SAMSUNG M02s (Blue 64 GB),SAMSUNG,51,1285
SAMSUNG M02s (Blue 32 GB),SAMSUNG,51,1286
LAVA BEU (ROSE PINK 32 GB),LAVA,29,1287
LAVA Z6 (AQUA BLUE 64 GB),LAVA,29,1288
LG G8X (Black 128 GB),LG,32,1289
ringme Me8 pro (Gold 16 GB),ringme,50,1290
Itel A25 (Gradation sea Blue 16 GB),Itel,24,1291
Itel A25 (Gradation Purple 16 GB),Itel,24,1292
Kekai S5 Smart Pro (Candy Orange 16 GB),Kekai,27,1293
ringme Reno Pro (Night Red 16 GB),ringme,50,1294
ringme Xpro-R1 (Dark Blue 16 GB),ringme,50,1295
ringme Xpro-R1 (Night Blue 16 GB),ringme,50,1296
Zoom Me ME-M1 (Scarlet Red 32 GB),Zoom,67,1297
Zoom Me ME-M1 (Cosmic Blue 32 GB),Zoom,67,1298
ringme M10 (Midnight Blue 16 GB),ringme,50,1299
ringme M10 (Midnight Black 16 GB),ringme,50,1300
Tambo TA-2 (ROSE GOLD 8 GB),Tambo,55,1301
Tambo TA-2 (Silver 8 GB),Tambo,55,1302
GIONEE F11 (Blue 32 GB),GIONEE,11,1303
BlackZone PRO 4G (Dynamite Orange 32 GB),BlackZone,4,1304
POCO M3 (Cool Blue 64 GB),POCO,47,1305
POCO M3 (Power Black 128 GB),POCO,47,1306
POCO M3 (Yellow 64 GB),POCO,47,1307
POCO M3 (Power Black 64 GB),POCO,47,1308
Tecno Spark 4 Air (Polar Blue 32 GB),Tecno,58,1309
Spinup A10-Pro (Mist Blue 32 GB),Spinup,53,1310
SAMSUNG Galaxy F62 (Laser Blue 128 GB),SAMSUNG,51,1311
SAMSUNG Galaxy F62 (Laser Green 128 GB),SAMSUNG,51,1312
SAMSUNG Galaxy F62 (Laser Blue 128 GB),SAMSUNG,51,1313
SAMSUNG Galaxy F62 (Laser Grey 128 GB),SAMSUNG,51,1314
SAMSUNG Galaxy F62 (Laser Green 128 GB),SAMSUNG,51,1315
ViVO Y20G (Obsidian Black 128 GB),ViVO,60,1316
ViVO Y20G (Obsidian Black 64 GB),ViVO,60,1317
ViVO Y20G (Purist Blue 64 GB),ViVO,60,1318
ViVO Y20G (Purist Blue 128 GB),ViVO,60,1319
Infinix Smart 5 (Morandi Green 32 GB),Infinix,19,1320
Infinix Smart 5 (7° Purple 32 GB),Infinix,19,1321
Infinix Smart 5 (Obsidian Black 32 GB),Infinix,19,1322
Infinix Smart 5 (Aegean Blue 32 GB),Infinix,19,1323
Nokia 5.3 (SAND 64 GB),Nokia,42,1324
Nokia 5.3 (CYAN 64 GB),Nokia,42,1325
Nokia 5.3 (SAND 64 GB),Nokia,42,1326
Nokia 5.3 (CHARCOAL 64 GB),Nokia,42,1327
Nokia 5.3 (CYAN 64 GB),Nokia,42,1328
SAMSUNG Galaxy S20 Ultra (Cosmic Gray 128 GB),SAMSUNG,51,1329
SAMSUNG Galaxy S20+ (Cosmic Gray 128 GB),SAMSUNG,51,1330
Nokia 5.4 (Dusk 64 GB),Nokia,42,1331
Nokia 5.4 (Dusk 64 GB),Nokia,42,1332
Nokia 5.4 (Polar Night 64 GB),Nokia,42,1333
Nokia 5.4 (Polar Night 64 GB),Nokia,42,1334
Ismart I1 Mini (Gold 16 GB),Ismart,23,1335
I Kall K9 (Navy Blue 16 GB),IKall,18,1336
I Kall K280 (Slate Grey 32 GB),IKall,18,1337
I Kall K280 (Charcoal Black 32 GB),IKall,18,1338
I Kall K900 (Blue 64 GB),IKall,18,1339
I Kall K1 (Knight Black 8 GB),IKall,18,1340
I Kall K4 (Red 16 GB),IKall,18,1341
I Kall K600 (Yellow Gold 16 GB),IKall,18,1342
I Kall K5 (Navy Blue 16 GB),IKall,18,1343
MOTOROLA Razr (Black 128 GB),Motorola,41,1344
I Kall K220 (Navy Blue 16 GB),IKall,18,1345
I Kall K475 (Black 64 GB),IKall,18,1346
I Kall K475 (Cyan 64 GB),IKall,18,1347
IKall K460 (Pink 16 GB),IKall,18,1348
Coolpad COOL 1 (Gold 32 GB),Coolpad,8,1349
TCL L7 (Black 32 GB),TCL,57,1350
I Kall K450 (Blue 16 GB),IKall,18,1351
I Kall K450 (Red 16 GB),IKall,18,1352
REDMI Note 10 Pro Max (Glacial Blue 128 GB),Redmi,49,1353
REDMI Note 10 Pro (Vintage Bronze 128 GB),Redmi,49,1354
REDMI Note 10 (Shadow Black 128 GB),Redmi,49,1355
REDMI Note 10 (Aqua Green 64 GB),Redmi,49,1356
REDMI Note 10 (Shadow Black 128 GB),Redmi,49,1357
REDMI Note 10 (Aqua Green 128 GB),Redmi,49,1358
REDMI Note 10 (Frost White 64 GB),Redmi,49,1359
REDMI Note 10 Pro (Vintage Bronze 128 GB),Redmi,49,1360
REDMI Note 10 Pro Max (Glacial Blue 128 GB),Redmi,49,1361
REDMI Note 10 (Shadow Black 64 GB),Redmi,49,1362
REDMI Note 10 Pro Max (Vintage Bronze 128 GB),Redmi,49,1363
REDMI Note 10 (Frost White 64 GB),Redmi,49,1364
REDMI Note 10 Pro Max (Dark Night 128 GB),Redmi,49,1365
REDMI Note 10 (Frost White 128 GB),Redmi,49,1366
OPPO A15s (Rainbow Silver 128 GB),OPPO,45,1367
Micromax IN 1 (Purple 128 GB),Micromax,38,1368
Micromax IN 1 (Blue 64 GB),Micromax,38,1369
Micromax IN 1 (Purple 64 GB),Micromax,38,1370
OPPO A15s (Dynamic Black 128 GB),OPPO,45,1371
ViVO X60 (Midnight Black 256 GB),ViVO,60,1372
ViVO X60 Pro (Midnight Black 256 GB),ViVO,60,1373
ViVO X60 Pro (Shimmer Blue 256 GB),ViVO,60,1374
SAMSUNG Galaxy A72 (Awesome Violet 128 GB),SAMSUNG,51,1375
SAMSUNG Galaxy A52 (Awesome Violet 128 GB),SAMSUNG,51,1376
SAMSUNG Galaxy A52 (Awesome Blue 128 GB),SAMSUNG,51,1377
I Kall K450 (Gold 16 GB),IKall,18,1378
OPPO F19PRO+ (Space Silver 128 GB),OPPO,45,1379
REDMI Note 10 Pro (Glacial Blue 128 GB),Redmi,49,1380
REDMI Note 10 Pro (Vintage Bronze 128 GB),Redmi,49,1381
ringme x (Carbon Purple 16 GB),ringme,50,1382
ringme x (Carbon Blue 16 GB),ringme,50,1383
ringme a5 (Carbon Purple 16 GB),ringme,50,1384
ringme a5 (Carbon Blue 16 GB),ringme,50,1385
I Kall K350 (Blue 32 GB),IKall,18,1386
I Kall K401 (Blue 16 GB),IKall,18,1387
I Kall K435 (Blue 16 GB),IKall,18,1388
I Kall K350 (Silver 32 GB),IKall,18,1389
I Kall k440 (Black 16 GB),IKall,18,1390
I Kall K440 (Blue 16 GB),IKall,18,1391
I Kall K460 (Blue 16 GB),IKall,18,1392
I Kall K480 (Blue 16 GB),IKall,18,1393
I Kall K510 (Grey 32 GB),IKall,18,1394
I Kall K520 (Blue 64 GB),IKall,18,1395
I Kall K520 (Black 64 GB),IKall,18,1396
I Kall K530 (Blue 64 GB),IKall,18,1397
I Kall K530 (Red 64 GB),IKall,18,1398
I Kall K540 (Blue 64 GB),IKall,18,1399
I Kall K540 (Ocean Blue 64 GB),IKall,18,1400
IKall K480 (Green 16 GB),IKall,18,1401
IKall k480 (Purple 16 GB),IKall,18,1402
I Kall K510 (Black 32 GB),IKall,18,1403
SAMSUNG Galaxy F12 (Sea Green 64 GB),SAMSUNG,51,1404
SAMSUNG Galaxy F12 (Sky Blue 128 GB),SAMSUNG,51,1405
SAMSUNG Galaxy F12 (Sky Blue 64 GB),SAMSUNG,51,1406
SAMSUNG Galaxy F02s (Diamond Blue 64 GB),SAMSUNG,51,1407
SAMSUNG Galaxy F12 (Celestial Black 64 GB),SAMSUNG,51,1408
SAMSUNG Galaxy F02s (Diamond Blue 32 GB),SAMSUNG,51,1409
SAMSUNG Galaxy F02s (Diamond Black 32 GB),SAMSUNG,51,1410
SAMSUNG Galaxy F02s (Diamond White 32 GB),SAMSUNG,51,1411
SAMSUNG Galaxy F12 (Celestial Black 128 GB),SAMSUNG,51,1412
SAMSUNG Galaxy F02s (Diamond White 64 GB),SAMSUNG,51,1413
SAMSUNG Galaxy F02s (Diamond Black 64 GB),SAMSUNG,51,1414
SAMSUNG Galaxy F12 (Sea Green 128 GB),SAMSUNG,51,1415
SAMSUNG Galaxy M12 (Blue 64 GB),SAMSUNG,51,1416
SAMSUNG Galaxy M12 (White 64 GB),SAMSUNG,51,1417
SAMSUNG Galaxy M12 (Black 64 GB),SAMSUNG,51,1418
OPPO F19 (Midnight Blue 128 GB),OPPO,45,1419
OPPO F19 (Prism Black 128 GB),OPPO,45,1420
OPPO A15 (Dynamic Black 32 GB),OPPO,45,1421
OPPO A15 (Mystery Blue 32 GB),OPPO,45,1422
LG W31 (Blue 64 GB),LG,32,1423
POCO X3 Pro (Steel Blue 128 GB),POCO,47,1424
POCO X3 Pro (Graphite Black 128 GB),POCO,47,1425
POCO X3 Pro (Graphite Black 128 GB),POCO,47,1426
POCO X3 Pro (Golden Bronze 128 GB),POCO,47,1427
POCO X3 Pro (Steel Blue 128 GB),POCO,47,1428
Voto V2I (Black 16 GB),Voto,61,1429
GIONEE S11 (Royal Blue 64 GB),GIONEE,11,1430
I Kall K401 (Red 16 GB),IKall,18,1431
SAMSUNG Galaxy M12 (White 128 GB),SAMSUNG,51,1432
SAMSUNG Galaxy M12 (Blue 128 GB),SAMSUNG,51,1433
SAMSUNG Galaxy M12 (Black 128 GB),SAMSUNG,51,1434
ViVO Y20G (Obsidiant Black 128 GB),ViVO,60,1435
Itel vision 1 pro (AURORA BLUE 32 GB),Itel,24,1436
Itel vision 1 pro (OCEAN BLUE 32 GB),Itel,24,1437
SAMSUNG Galaxy M02 (Gray 32 GB),SAMSUNG,51,1438
SAMSUNG Galaxy M02 (Red 32 GB),SAMSUNG,51,1439
SAMSUNG Galaxy M02 (Red 32 GB),SAMSUNG,51,1440
SAMSUNG Galaxy M02 (Gray 32 GB),SAMSUNG,51,1441
SAMSUNG Galaxy M02 (Blue 32 GB),SAMSUNG,51,1442
SAMSUNG Galaxy M02 (Black 32 GB),SAMSUNG,51,1443
SAMSUNG Galaxy M02 (Black 32 GB),SAMSUNG,51,1444
SAMSUNG Galaxy M02 (Blue 32 GB),SAMSUNG,51,1445
Nokia 3.4 (Fjord 64 GB),Nokia,42,1446
Nokia 3.4 (Charcoal 64 GB),Nokia,42,1447
Nokia 3.4 (Dusk 64 GB),Nokia,42,1448
OPPO A15S (Rainbow Silver 64 GB),OPPO,45,1449
SAMSUNG Galaxy A12 (Blue 128 GB),SAMSUNG,51,1450
SAMSUNG Galaxy A12 (Blue 64 GB),SAMSUNG,51,1451
SAMSUNG Galaxy A12 (Black 64 GB),SAMSUNG,51,1452
SAMSUNG Galaxy A12 (White 128 GB),SAMSUNG,51,1453
SAMSUNG Galaxy A12 (White 64 GB),SAMSUNG,51,1454
SAMSUNG Galaxy A12 (Black 128 GB),SAMSUNG,51,1455
GIONEE M7 (Blue 64 GB),GIONEE,11,1456
GIONEE M7 (Gold 64 GB),GIONEE,11,1457
realme Narzo 30 Pro 5G (Blade Silver 128 GB),realme,48,1458
realme Narzo 30A (Laser Black 32 GB),realme,48,1459
realme Narzo 30 Pro 5G (Sword Black 64 GB),realme,48,1460
realme Narzo 30A (Laser Blue 64 GB),realme,48,1461
realme Narzo 30A (Laser Blue 32 GB),realme,48,1462
realme Narzo 30 Pro 5G (Sword Black 128 GB),realme,48,1463
realme Narzo 30 Pro 5G (Blade Silver 64 GB),realme,48,1464
realme Narzo 30A (Laser Black 64 GB),realme,48,1465
ViVO V20 2021 (Sunset Melody 256 GB),ViVO,60,1466
E&L k20 (Shine Blue 32 GB),EL,9,1467
E&L k20 (Gold 32 GB),EL,9,1468
E&L k20 (Black 32 GB),EL,9,1469
E&L k20 (Rosegold 32 GB),EL,9,1470
GIONEE Max Pro (Blue 32 GB),GIONEE,11,1471
GIONEE Max Pro (Black 32 GB),GIONEE,11,1472
GIONEE Max Pro (Red 32 GB),GIONEE,11,1473
OPPO A15 (Rainbow Silver 32 GB),OPPO,45,1474
Spinup A9 Pro (Sea Blue 32 GB),Spinup,53,1475
Kekai Aqua (Purple 16 GB),Kekai,27,1476
Maplin G2-PRO (Black 32 GB),Maplin,34,1477
Tambo TA-3 (Black 16 GB),Tambo,55,1478
EL D68 (Black 32 GB),EL,9,1479
REDMI 9 Power (Electric Green 128 GB),Redmi,49,1480
REDMI 9 Power (Blazing Blue 128 GB),Redmi,49,1481
REDMI 9 Power (Mighty Black 128 GB),Redmi,49,1482
Ismart Thunder Pro (Iris Blue 32 GB),Ismart,23,1483
REDMI 9 Power (Fiery Red 128 GB),Redmi,49,1484
SAMSUNG Galaxy A32 (Awesome Blue 128 GB),SAMSUNG,51,1485
SAMSUNG Galaxy A32 (Awesome Black 128 GB),SAMSUNG,51,1486
SAMSUNG Galaxy A32 (Awesome Violet 128 GB),SAMSUNG,51,1487
SAMSUNG Galaxy A32 (Awesome White 128 GB),SAMSUNG,51,1488
Kekai S5 SE (Flora Blue 32 GB),Kekai,27,1489
Kekai S5 SE (Aqua Marine 32 GB),Kekai,27,1490
realme 8 (Cyber Black 128 GB),realme,48,1491
realme 8 Pro (Infinite Black 128 GB),realme,48,1492
realme 8 Pro (Infinite Blue 128 GB),realme,48,1493
realme 8 (Cyber Silver 128 GB),realme,48,1494
realme 8 Pro (Infinite Blue 128 GB),realme,48,1495
realme 8 Pro (Infinite Black 128 GB),realme,48,1496
OPPO F19 Pro (Fluid Black 128 GB),OPPO,45,1497
OPPO F19 Pro (Crystal Silver 128 GB),OPPO,45,1498
OPPO F19 Pro (Crystal Silver 256 GB),OPPO,45,1499
OPPO F19 Pro (Fluid Black 256 GB),OPPO,45,1500
Kekai S5 Pro Max (Gradient Rosegold 32 GB),Kekai,27,1501
OPPO A12 (Flowing Silver 64 GB),OPPO,45,1502
I Kall K8 (Black Green 16 GB),IKall,18,1503
Spinup A8 Max (Frosty Blue 16 GB),Spinup,53,1504
Spinup A8 Max (Frosty Green 16 GB),Spinup,53,1505
Spinup A7 Max (Sky Blue 16 GB),Spinup,53,1506
Spinup A7 Max (Sky White 16 GB),Spinup,53,1507
GIONEE S11 (Pink 64 GB),GIONEE,11,1508
Kekai Prime (Sea Blue 32 GB),Kekai,27,1509
GIONEE S11 (Gold 64 GB),GIONEE,11,1510
Kekai Prime (Sea White 32 GB),Kekai,27,1511
Telefono S1 (Interstellar Black 32 GB),Telefono,59,1512
Telefono S1 (Space Blue 32 GB),Telefono,59,1513
